Sr No,Dates,Average sale price
1,01-01-2020,910.59
2,02-01-2020,NA
3,03-01-2020,858.65
4,04-01-2020,NA
5,05-01-2020,NA
6,06-01-2020,NA
7,07-01-2020,583.98
8,08-01-2020,3512.86
9,09-01-2020,NA
10,10-01-2020,NA
11,11-01-2020,712.015
12,12-01-2020,1326.15
13,13-01-2020,NA
14,14-01-2020,402.655
15,15-01-2020,1088.652
16,16-01-2020,NA
17,17-01-2020,1299.045
18,18-01-2020,1898.23
19,19-01-2020,695.81
20,20-01-2020,764.81
21,21-01-2020,665.14
22,22-01-2020,627.50125
23,23-01-2020,735.83
24,24-01-2020,687.752
25,25-01-2020,538.86
26,26-01-2020,2329.31
27,27-01-2020,655.9166667
28,28-01-2020,769.6666667
29,29-01-2020,1465.48
30,30-01-2020,699.7833333
31,31-01-2020,662.51
32,01-02-2020,484.8422222
33,02-02-2020,954.21
34,03-02-2020,NA
35,04-02-2020,NA
36,05-02-2020,819.605
37,06-02-2020,NA
38,07-02-2020,704.57
39,08-02-2020,NA
40,09-02-2020,NA
41,10-02-2020,NA
42,11-02-2020,NA
43,12-02-2020,822.1522222
44,13-02-2020,3691.26
45,14-02-2020,1055.26
46,15-02-2020,1389.3
47,16-02-2020,1191.886
48,17-02-2020,2418.991667
49,18-02-2020,1858.685
50,19-02-2020,1194.603333
51,20-02-2020,3055.366667
52,21-02-2020,3057.12
53,22-02-2020,1287.2
54,23-02-2020,823.5466667
55,24-02-2020,1034.76
56,25-02-2020,840.8
57,26-02-2020,962.0666667
58,27-02-2020,2196.21
59,28-02-2020,NA
60,29-02-2020,NA
61,01-03-2020,653.3033333
62,02-03-2020,921.19
63,03-03-2020,428.55
64,04-03-2020,NA
65,05-03-2020,426.16
66,06-03-2020,586.5
67,07-03-2020,NA
68,08-03-2020,832.18
69,09-03-2020,NA
70,10-03-2020,1031.925
71,11-03-2020,NA
72,12-03-2020,827.275
73,13-03-2020,330.36
74,14-03-2020,NA
75,15-03-2020,NA
76,16-03-2020,NA
77,17-03-2020,NA
78,18-03-2020,319.35
79,19-03-2020,NA
80,20-03-2020,442.02
81,21-03-2020,NA
82,22-03-2020,471.63
83,23-03-2020,NA
84,24-03-2020,422.21
85,25-03-2020,456.55
86,26-03-2020,384.23
87,27-03-2020,408.45
88,28-03-2020,483.56
89,29-03-2020,NA
90,30-03-2020,NA
91,31-03-2020,NA
92,01-04-2020,1068.24
93,02-04-2020,1069.356667
94,03-04-2020,NA
95,04-04-2020,387.485
96,05-04-2020,1845.05
97,06-04-2020,618.71
98,07-04-2020,651.6466667
99,08-04-2020,66.67
100,09-04-2020,NA
101,10-04-2020,1500.98
102,11-04-2020,993.97
103,12-04-2020,640.4685714
104,13-04-2020,NA
105,14-04-2020,581.48
106,15-04-2020,539.83
107,16-04-2020,553.7
108,17-04-2020,1471.2825
109,18-04-2020,571.49
110,19-04-2020,NA
111,20-04-2020,445.45
112,21-04-2020,382.18
113,22-04-2020,525.09
114,23-04-2020,NA
115,24-04-2020,439.29
116,25-04-2020,536.1966667
117,26-04-2020,NA
118,27-04-2020,459.42
119,28-04-2020,539.51
120,29-04-2020,615.31
121,30-04-2020,505.005
122,01-05-2020,NA
123,02-05-2020,1005.595
124,03-05-2020,796.8266667
125,04-05-2020,NA
126,05-05-2020,NA
127,06-05-2020,NA
128,07-05-2020,NA
129,08-05-2020,4483.24
130,09-05-2020,649.7433333
131,10-05-2020,NA
132,11-05-2020,1406.66
133,12-05-2020,NA
134,13-05-2020,NA
135,14-05-2020,NA
136,15-05-2020,760.275
137,16-05-2020,694.92
138,17-05-2020,733.8157143
139,18-05-2020,NA
140,19-05-2020,NA
141,20-05-2020,537.8
142,21-05-2020,513.9944444
143,22-05-2020,604.74
144,23-05-2020,598.784
145,24-05-2020,573.316
146,25-05-2020,530.2275
147,26-05-2020,NA
148,27-05-2020,795.6957143
149,28-05-2020,NA
150,29-05-2020,NA
151,30-05-2020,609.17
152,31-05-2020,766.8633333
153,01-06-2020,NA
154,02-06-2020,1155.14
155,03-06-2020,NA
156,04-06-2020,2517.93
157,05-06-2020,NA
158,06-06-2020,NA
159,07-06-2020,730.38
160,08-06-2020,1025.84
161,09-06-2020,1188.09
162,10-06-2020,NA
163,11-06-2020,NA
164,12-06-2020,886.6766667
165,13-06-2020,NA
166,14-06-2020,NA
167,15-06-2020,794.72
168,16-06-2020,NA
169,17-06-2020,558.04
170,18-06-2020,968.31
171,19-06-2020,NA
172,20-06-2020,597.23
173,21-06-2020,975.67
174,22-06-2020,NA
175,23-06-2020,NA
176,24-06-2020,NA
177,25-06-2020,1194.31
178,26-06-2020,493.07
179,27-06-2020,780.5
180,28-06-2020,NA
181,29-06-2020,NA
182,30-06-2020,557.86
183,01-07-2020,NA
184,02-07-2020,1112.611667
185,03-07-2020,NA
186,04-07-2020,494.13
187,05-07-2020,535.54625
188,06-07-2020,430.99
189,07-07-2020,NA
190,08-07-2020,NA
191,09-07-2020,NA
192,10-07-2020,715.25
193,11-07-2020,NA
194,12-07-2020,NA
195,13-07-2020,NA
196,14-07-2020,NA
197,15-07-2020,840.91
198,16-07-2020,NA
199,17-07-2020,NA
200,18-07-2020,NA
201,19-07-2020,1216.3
202,20-07-2020,NA
203,21-07-2020,NA
204,22-07-2020,799
205,23-07-2020,NA
206,24-07-2020,NA
207,25-07-2020,NA
208,26-07-2020,1907.78
209,27-07-2020,627.85
210,28-07-2020,NA
211,29-07-2020,NA
212,30-07-2020,NA
213,31-07-2020,NA
214,01-08-2020,NA
215,02-08-2020,1134.66
216,03-08-2020,778.355
217,04-08-2020,511.105
218,05-08-2020,799.4666667
219,06-08-2020,NA
220,07-08-2020,738.07
221,08-08-2020,939.4475
222,09-08-2020,NA
223,10-08-2020,2257.73
224,11-08-2020,759.355
225,12-08-2020,NA
226,13-08-2020,1049.17
227,14-08-2020,880.06
228,15-08-2020,928.9
229,16-08-2020,1129.93
230,17-08-2020,1201.803333
231,18-08-2020,1360.357333
232,19-08-2020,909
233,20-08-2020,780.05
234,21-08-2020,2325.05
235,22-08-2020,NA
236,23-08-2020,NA
237,24-08-2020,909.79
238,25-08-2020,717.835
239,26-08-2020,755.5333333
240,27-08-2020,957.0316667
241,28-08-2020,NA
242,29-08-2020,908.58
243,30-08-2020,930.09
244,31-08-2020,NA
245,01-09-2020,478.46
246,02-09-2020,1355.9925
247,03-09-2020,539.3
248,04-09-2020,572.62
249,05-09-2020,651.49
250,06-09-2020,1079.643333
251,07-09-2020,NA
252,08-09-2020,1380.58
253,09-09-2020,NA
254,10-09-2020,NA
255,11-09-2020,NA
256,12-09-2020,597.7333333
257,13-09-2020,3361.72
258,14-09-2020,NA
259,15-09-2020,796.87
260,16-09-2020,790.13
261,17-09-2020,1027.1725
262,18-09-2020,NA
263,19-09-2020,1185.195
264,20-09-2020,829.6375
265,21-09-2020,908.6525
266,22-09-2020,711.12
267,23-09-2020,739.48
268,24-09-2020,814.0075
269,25-09-2020,1011.52
270,26-09-2020,NA
271,27-09-2020,NA
272,28-09-2020,NA
273,29-09-2020,1993.4
274,30-09-2020,1993.4
275,01-10-2020,NA
276,02-10-2020,996.8527273
277,03-10-2020,NA
278,04-10-2020,NA
279,05-10-2020,538.7766667
280,06-10-2020,562.39
281,07-10-2020,767.99
282,08-10-2020,1388.066
283,09-10-2020,766.355
284,10-10-2020,NA
285,11-10-2020,NA
286,12-10-2020,NA
287,13-10-2020,NA
288,14-10-2020,NA
289,15-10-2020,905.84
290,16-10-2020,NA
291,17-10-2020,NA
292,18-10-2020,741.78
293,19-10-2020,438.68
294,20-10-2020,NA
295,21-10-2020,NA
296,22-10-2020,980.61
297,23-10-2020,720.12
298,24-10-2020,603.27
299,25-10-2020,736.49
300,26-10-2020,585.04
301,27-10-2020,NA
302,28-10-2020,NA
303,29-10-2020,804.32
304,30-10-2020,NA
305,31-10-2020,NA
306,01-11-2020,NA
307,02-11-2020,1369.688235
308,03-11-2020,352.62
309,04-11-2020,706.86
310,05-11-2020,629.26
311,06-11-2020,NA
312,07-11-2020,1339.02
313,08-11-2020,NA
314,09-11-2020,NA
315,10-11-2020,NA
316,11-11-2020,676.5033333
317,12-11-2020,NA
318,13-11-2020,NA
319,14-11-2020,812.49
320,15-11-2020,NA
321,16-11-2020,623.19
322,17-11-2020,875.27
323,18-11-2020,780.4
324,19-11-2020,556.3133333
325,20-11-2020,972.7
326,21-11-2020,NA
327,22-11-2020,787.79
328,23-11-2020,976.1
329,24-11-2020,NA
330,25-11-2020,1654.54
331,26-11-2020,NA
332,27-11-2020,NA
333,28-11-2020,NA
334,29-11-2020,835.03
335,30-11-2020,NA
336,01-12-2020,NA
337,02-12-2020,1131.55
338,03-12-2020,NA
339,04-12-2020,NA
340,05-12-2020,NA
341,06-12-2020,509.75
342,07-12-2020,NA
343,08-12-2020,1384.81
344,09-12-2020,772.525
345,10-12-2020,1592.64
346,11-12-2020,NA
347,12-12-2020,589.77
348,13-12-2020,760.9822222
349,14-12-2020,NA
350,15-12-2020,NA
351,16-12-2020,NA
352,17-12-2020,NA
353,18-12-2020,1052.323333
354,19-12-2020,923.4
355,20-12-2020,1496.36
356,21-12-2020,738.9933333
357,22-12-2020,1308.37
358,23-12-2020,NA
359,24-12-2020,589.154
360,25-12-2020,842.20125
361,26-12-2020,NA
362,27-12-2020,NA
363,28-12-2020,650.205
364,29-12-2020,969.32
365,30-12-2020,NA
366,31-12-2020,NA
367,01-01-2021,NA
368,02-01-2021,2288.94
369,03-01-2021,3161.311429
370,04-01-2021,9819.26
371,05-01-2021,8882.89
372,06-01-2021,4096.72
373,07-01-2021,NA
374,08-01-2021,6738.61
375,09-01-2021,NA
376,10-01-2021,5875.65
377,11-01-2021,17418.418
378,12-01-2021,21105.21455
379,13-01-2021,927.77
380,14-01-2021,NA
381,15-01-2021,NA
382,16-01-2021,994.17
383,17-01-2021,1100.343333
384,18-01-2021,1348.196
385,19-01-2021,1336.215714
386,20-01-2021,2710.108333
387,21-01-2021,1520.98
388,22-01-2021,1395.438333
389,23-01-2021,1469.31
390,24-01-2021,1308.11
391,25-01-2021,NA
392,26-01-2021,1235.4325
393,27-01-2021,1202.61
394,28-01-2021,NA
395,29-01-2021,1712.935
396,30-01-2021,2451.205
397,31-01-2021,1819.58
398,01-02-2021,1571.78
399,02-02-2021,NA
400,03-02-2021,3009.152941
401,04-02-2021,7890.665
402,05-02-2021,8626.87
403,06-02-2021,NA
404,07-02-2021,4723.59
405,08-02-2021,NA
406,09-02-2021,NA
407,10-02-2021,NA
408,11-02-2021,14503.25
409,12-02-2021,18276.38118
410,13-02-2021,3330.6
411,14-02-2021,NA
412,15-02-2021,20175.28667
413,16-02-2021,4248.315
414,17-02-2021,NA
415,18-02-2021,4700.39
416,19-02-2021,3420.0625
417,20-02-2021,3183.233333
418,21-02-2021,3090.47
419,22-02-2021,3501.27
420,23-02-2021,2337.45
421,24-02-2021,2233
422,25-02-2021,2686.505
423,26-02-2021,NA
424,27-02-2021,2959.365
425,28-02-2021,2434.733333
426,01-03-2021,1006.78
427,02-03-2021,2086.565
428,03-03-2021,3262.67
429,04-03-2021,5382.486667
430,05-03-2021,5714.063333
431,06-03-2021,NA
432,07-03-2021,4134.717143
433,08-03-2021,3480.1
434,09-03-2021,13510.72
435,10-03-2021,NA
436,11-03-2021,11962.72
437,12-03-2021,19676.23455
438,13-03-2021,7490.803864
439,14-03-2021,7103.102609
440,15-03-2021,6989.674615
441,16-03-2021,6743.96
442,17-03-2021,6586.304286
443,18-03-2021,10854.56364
444,19-03-2021,8719.426
445,20-03-2021,8509.271429
446,21-03-2021,7008.231
447,22-03-2021,6639.706667
448,23-03-2021,6065.493333
449,24-03-2021,6653.893333
450,25-03-2021,7815.694
451,26-03-2021,5672.61125
452,27-03-2021,6888.093333
453,28-03-2021,13367.1
454,29-03-2021,9314.6
455,30-03-2021,7007.89
456,31-03-2021,8124.037143
457,01-04-2021,NA
458,02-04-2021,2059.49
459,03-04-2021,4225.5775
460,04-04-2021,8070.61
461,05-04-2021,6099.711765
462,06-04-2021,NA
463,07-04-2021,NA
464,08-04-2021,4830.176667
465,09-04-2021,7830
466,10-04-2021,7978.8
467,11-04-2021,8846.396
468,12-04-2021,13330.89625
469,13-04-2021,4610.52
470,14-04-2021,5419.53
471,15-04-2021,6851.575
472,16-04-2021,7363
473,17-04-2021,6687.945
474,18-04-2021,13502.8225
475,19-04-2021,8560.435714
476,20-04-2021,15476.13
477,21-04-2021,7309.86
478,22-04-2021,6239.045
479,23-04-2021,6050.878
480,24-04-2021,NA
481,25-04-2021,6553.715
482,26-04-2021,5873.15
483,27-04-2021,8798.428333
484,28-04-2021,7315.655
485,29-04-2021,6814.275
486,30-04-2021,10892.22
487,01-05-2021,1704.98
488,02-05-2021,NA
489,03-05-2021,3585.61
490,04-05-2021,8380.676667
491,05-05-2021,5414.622308
492,06-05-2021,6212.5
493,07-05-2021,3782.01
494,08-05-2021,3233.558571
495,09-05-2021,6756.88
496,10-05-2021,9074.2
497,11-05-2021,22268
498,12-05-2021,24929.87143
499,13-05-2021,7241.75
500,14-05-2021,6757.333333
501,15-05-2021,NA
502,16-05-2021,5040
503,17-05-2021,6651.53
504,18-05-2021,4674
505,19-05-2021,5006.5425
506,20-05-2021,4835.35
507,21-05-2021,3914.25
508,22-05-2021,3032.37
509,23-05-2021,3996.01
510,24-05-2021,4071.79
511,25-05-2021,4833.73
512,26-05-2021,3827.165
513,27-05-2021,3843.23
514,28-05-2021,4087.24
515,29-05-2021,NA
516,30-05-2021,3771.06
517,31-05-2021,5142.405
518,01-06-2021,NA
519,02-06-2021,2027.7
520,03-06-2021,4537.013333
521,04-06-2021,6215.7625
522,05-06-2021,5619.803333
523,06-06-2021,3155.759333
524,07-06-2021,NA
525,08-06-2021,NA
526,09-06-2021,5253
527,10-06-2021,NA
528,11-06-2021,9787.9
529,12-06-2021,18479.13857
530,13-06-2021,2836.103636
531,14-06-2021,4258.19
532,15-06-2021,5152.18
533,16-06-2021,2833.024706
534,17-06-2021,2976.90375
535,18-06-2021,NA
536,19-06-2021,NA
537,20-06-2021,NA
538,21-06-2021,3300.99
539,22-06-2021,2338.22
540,23-06-2021,6576.41
541,24-06-2021,NA
542,25-06-2021,3164.04
543,26-06-2021,NA
544,27-06-2021,2635
545,28-06-2021,2660.166667
546,29-06-2021,NA
547,30-06-2021,3577.13
548,01-07-2021,1636.76
549,02-07-2021,2297.156667
550,03-07-2021,6201.337143
551,04-07-2021,9573.77
552,05-07-2021,NA
553,06-07-2021,5810.054
554,07-07-2021,NA
555,08-07-2021,4361.54
556,09-07-2021,NA
557,10-07-2021,NA
558,11-07-2021,10172.01
559,12-07-2021,24042.22833
560,13-07-2021,4407.03
561,14-07-2021,3243.09
562,15-07-2021,NA
563,16-07-2021,3251.43
564,17-07-2021,NA
565,18-07-2021,2852.04
566,19-07-2021,4281.596667
567,20-07-2021,NA
568,21-07-2021,NA
569,22-07-2021,NA
570,23-07-2021,2267.74
571,24-07-2021,NA
572,25-07-2021,4424.37
573,26-07-2021,4571.013333
574,27-07-2021,3918.815
575,28-07-2021,NA
576,29-07-2021,4761.04
577,30-07-2021,NA
578,31-07-2021,NA
579,01-08-2021,1156.94
580,02-08-2021,2054.595
581,03-08-2021,5831.963333
582,04-08-2021,7435.9175
583,05-08-2021,5761.8
584,06-08-2021,4882.94
585,07-08-2021,NA
586,08-08-2021,NA
587,09-08-2021,NA
588,10-08-2021,NA
589,11-08-2021,11652.05
590,12-08-2021,19689.305
591,13-08-2021,5289.125
592,14-08-2021,3297.13
593,15-08-2021,5580
594,16-08-2021,5702.1
595,17-08-2021,NA
596,18-08-2021,5620.69
597,19-08-2021,6465.766
598,20-08-2021,4043.62
599,21-08-2021,NA
600,22-08-2021,3651.96
601,23-08-2021,NA
602,24-08-2021,5623.47
603,25-08-2021,4655.84
604,26-08-2021,NA
605,27-08-2021,NA
606,28-08-2021,NA
607,29-08-2021,6533.88
608,30-08-2021,6337.08
609,31-08-2021,NA
610,01-09-2021,948.64
611,02-09-2021,2197.19
612,03-09-2021,6341.133333
613,04-09-2021,8992.774
614,05-09-2021,5127.333333
615,06-09-2021,3730.500556
616,07-09-2021,NA
617,08-09-2021,3335.39
618,09-09-2021,NA
619,10-09-2021,NA
620,11-09-2021,NA
621,12-09-2021,17451.465
622,13-09-2021,7397.51
623,14-09-2021,5626.963333
624,15-09-2021,5766.345
625,16-09-2021,6054.785
626,17-09-2021,4101.523333
627,18-09-2021,3623.11
628,19-09-2021,4313.03875
629,20-09-2021,4336.493333
630,21-09-2021,4868.603333
631,22-09-2021,3063.416667
632,23-09-2021,NA
633,24-09-2021,3830.692
634,25-09-2021,NA
635,26-09-2021,5048.12
636,27-09-2021,NA
637,28-09-2021,6397.98
638,29-09-2021,5174.91
639,30-09-2021,NA
640,01-10-2021,NA
641,02-10-2021,3037.2175
642,03-10-2021,5597.88
643,04-10-2021,5720
644,05-10-2021,11880
645,06-10-2021,2975.14931
646,07-10-2021,3540.76
647,08-10-2021,NA
648,09-10-2021,8315.46
649,10-10-2021,12170.53
650,11-10-2021,11767.13
651,12-10-2021,14785.41
652,13-10-2021,NA
653,14-10-2021,NA
654,15-10-2021,3152.11
655,16-10-2021,4103.93
656,17-10-2021,NA
657,18-10-2021,6566.385
658,19-10-2021,7584.77
659,20-10-2021,NA
660,21-10-2021,NA
661,22-10-2021,NA
662,23-10-2021,NA
663,24-10-2021,3507.22
664,25-10-2021,7210.03
665,26-10-2021,NA
666,27-10-2021,4471.726667
667,28-10-2021,5564.1225
668,29-10-2021,7930.506667
669,30-10-2021,11891.03471
670,31-10-2021,13818.562
671,01-11-2021,NA
672,02-11-2021,2566.55
673,03-11-2021,3938.776
674,04-11-2021,5353
675,05-11-2021,10800
676,06-11-2021,3424.44
677,07-11-2021,4255.79
678,08-11-2021,5883.195
679,09-11-2021,NA
680,10-11-2021,4824.716
681,11-11-2021,11108.35
682,12-11-2021,15770
683,13-11-2021,18182.5
684,14-11-2021,13591.78333
685,15-11-2021,11505.955
686,16-11-2021,11774.27774
687,17-11-2021,11316.07667
688,18-11-2021,12820.12917
689,19-11-2021,20554.43667
690,20-11-2021,14659.29333
691,21-11-2021,19049.14667
692,22-11-2021,14002.122
693,23-11-2021,15829.31333
694,24-11-2021,20433.8
695,25-11-2021,19659.02929
696,26-11-2021,17345.87
697,27-11-2021,18170.57875
698,28-11-2021,20665.45118
699,29-11-2021,18736.62778
700,30-11-2021,21949.71143
701,01-12-2021,NA
702,02-12-2021,2394.206667
703,03-12-2021,7801.47
704,04-12-2021,7271.808571
705,05-12-2021,13585
706,06-12-2021,3094.16
707,07-12-2021,3198.505
708,08-12-2021,4023.62
709,09-12-2021,NA
710,10-12-2021,NA
711,11-12-2021,14065.99167
712,12-12-2021,14343.22727
713,13-12-2021,13940.2975
714,14-12-2021,12277.2
715,15-12-2021,13789.81
716,16-12-2021,14268.755
717,17-12-2021,16231.29625
718,18-12-2021,15947.50786
719,19-12-2021,28280
720,20-12-2021,17140.05556
721,21-12-2021,15849.64182
722,22-12-2021,21805.63125
723,23-12-2021,21363.49
724,24-12-2021,20634.6725
725,25-12-2021,16232.7325
726,26-12-2021,17866.49
727,27-12-2021,19688.16833
728,28-12-2021,16159.23667
729,29-12-2021,14315.344
730,30-12-2021,13860.2
731,31-12-2021,16903.56667
732,01-01-2022,13149.13
733,02-01-2022,11644.7525
734,03-01-2022,NA
735,04-01-2022,18673.21
736,05-01-2022,NA
737,06-01-2022,NA
738,07-01-2022,4282.72
739,08-01-2022,NA
740,09-01-2022,NA
741,10-01-2022,NA
742,11-01-2022,NA
743,12-01-2022,NA
744,13-01-2022,NA
745,14-01-2022,18754.88667
746,15-01-2022,17528.6
747,16-01-2022,15998.62333
748,17-01-2022,15264.46
749,18-01-2022,15730.74
750,19-01-2022,NA
751,20-01-2022,14371.274
752,21-01-2022,15527.83
753,22-01-2022,13999.1325
754,23-01-2022,12584.52889
755,24-01-2022,10311.51167
756,25-01-2022,12016.64636
757,26-01-2022,14773.04
758,27-01-2022,12908.55077
759,28-01-2022,13307.954
760,29-01-2022,NA
761,30-01-2022,12615.222
762,31-01-2022,13658.398
763,01-02-2022,16072.20333
764,02-02-2022,12542.49
765,03-02-2022,NA
766,04-02-2022,10087.5
767,05-02-2022,NA
768,06-02-2022,3830.23
769,07-02-2022,NA
770,08-02-2022,2145.35
771,09-02-2022,NA
772,10-02-2022,NA
773,11-02-2022,NA
774,12-02-2022,NA
775,13-02-2022,13612.38
776,14-02-2022,13137.845
777,15-02-2022,15727.385
778,16-02-2022,23551.99
779,17-02-2022,16052.755
780,18-02-2022,14158.18333
781,19-02-2022,15324.945
782,20-02-2022,15915.42
783,21-02-2022,17407.91143
784,22-02-2022,17534.262
785,23-02-2022,11668.25
786,24-02-2022,12356.67667
787,25-02-2022,32340
788,26-02-2022,13310.02
789,27-02-2022,13577.2
790,28-02-2022,15236.18
791,01-03-2022,20997.1325
792,02-03-2022,12906.05857
793,03-03-2022,14547.6
794,04-03-2022,17508.96
795,05-03-2022,NA
796,06-03-2022,NA
797,07-03-2022,NA
798,08-03-2022,4195.52
799,09-03-2022,NA
800,10-03-2022,NA
801,11-03-2022,2315.21
802,12-03-2022,NA
803,13-03-2022,NA
804,14-03-2022,43052
805,15-03-2022,11022.93
806,16-03-2022,12582
807,17-03-2022,12919.8
808,18-03-2022,13188
809,19-03-2022,6210.68
810,20-03-2022,NA
811,21-03-2022,29160
812,22-03-2022,NA
813,23-03-2022,11223.95
814,24-03-2022,18311.18
815,25-03-2022,NA
816,26-03-2022,13520
817,27-03-2022,NA
818,28-03-2022,13015
819,29-03-2022,11454
820,30-03-2022,NA
821,31-03-2022,13800
822,01-04-2022,27516.59667
823,02-04-2022,16945.5125
824,03-04-2022,NA
825,04-04-2022,9616.8
826,05-04-2022,NA
827,06-04-2022,NA
828,07-04-2022,NA
829,08-04-2022,NA
830,09-04-2022,NA
831,10-04-2022,NA
832,11-04-2022,NA
833,12-04-2022,3545.06
834,13-04-2022,NA
835,14-04-2022,NA
836,15-04-2022,NA
837,16-04-2022,NA
838,17-04-2022,NA
839,18-04-2022,NA
840,19-04-2022,NA
841,20-04-2022,NA
842,21-04-2022,NA
843,22-04-2022,10200
844,23-04-2022,NA
845,24-04-2022,NA
846,25-04-2022,9400
847,26-04-2022,NA
848,27-04-2022,NA
849,28-04-2022,NA
850,29-04-2022,7455
851,30-04-2022,NA
852,01-05-2022,17084.524
853,02-05-2022,16644.39
854,03-05-2022,11669.4375
855,04-05-2022,NA
856,05-05-2022,NA
857,06-05-2022,7771.46
858,07-05-2022,NA
859,08-05-2022,NA
860,09-05-2022,3170.07
861,10-05-2022,6702.52
862,11-05-2022,NA
863,12-05-2022,NA
864,13-05-2022,5153.24
865,14-05-2022,14605.77
866,15-05-2022,7749
867,16-05-2022,NA
868,17-05-2022,NA
869,18-05-2022,NA
870,19-05-2022,NA
871,20-05-2022,NA
872,21-05-2022,NA
873,22-05-2022,NA
874,23-05-2022,NA
875,24-05-2022,NA
876,25-05-2022,NA
877,26-05-2022,NA
878,27-05-2022,3620.34
879,28-05-2022,NA
880,29-05-2022,4797.635
881,30-05-2022,NA
882,31-05-2022,NA
883,01-06-2022,13718.302
884,02-06-2022,16618.31667
885,03-06-2022,NA
886,04-06-2022,NA
887,05-06-2022,28800
888,06-06-2022,4338.11
889,07-06-2022,2618.62
890,08-06-2022,NA
891,09-06-2022,NA
892,10-06-2022,2247.26
893,11-06-2022,NA
894,12-06-2022,NA
895,13-06-2022,15356.34
896,14-06-2022,NA
897,15-06-2022,3641.455
898,16-06-2022,4052.72
899,17-06-2022,NA
900,18-06-2022,3239.7
901,19-06-2022,NA
902,20-06-2022,NA
903,21-06-2022,NA
904,22-06-2022,2798.526667
905,23-06-2022,2882.35
906,24-06-2022,NA
907,25-06-2022,NA
908,26-06-2022,NA
909,27-06-2022,NA
910,28-06-2022,NA
911,29-06-2022,NA
912,30-06-2022,NA
913,01-07-2022,13507.14222
914,02-07-2022,22119.15714
915,03-07-2022,11870.01857
916,04-07-2022,10845
917,05-07-2022,NA
918,06-07-2022,NA
919,07-07-2022,NA
920,08-07-2022,4472.688333
921,09-07-2022,NA
922,10-07-2022,NA
923,11-07-2022,NA
924,12-07-2022,NA
925,13-07-2022,NA
926,14-07-2022,2513.28
927,15-07-2022,NA
928,16-07-2022,NA
929,17-07-2022,NA
930,18-07-2022,NA
931,19-07-2022,NA
932,20-07-2022,NA
933,21-07-2022,NA
934,22-07-2022,NA
935,23-07-2022,NA
936,24-07-2022,NA
937,25-07-2022,NA
938,26-07-2022,NA
939,27-07-2022,NA
940,28-07-2022,NA
941,29-07-2022,NA
942,30-07-2022,NA
943,31-07-2022,NA
944,01-08-2022,14796.71
945,02-08-2022,15973.43333
946,03-08-2022,9837.13
947,04-08-2022,14220
948,05-08-2022,NA
949,06-08-2022,4113.44
950,07-08-2022,NA
951,08-08-2022,4410.95
952,09-08-2022,NA
953,10-08-2022,NA
954,11-08-2022,NA
955,12-08-2022,NA
956,13-08-2022,NA
957,14-08-2022,NA
958,15-08-2022,NA
959,16-08-2022,NA
960,17-08-2022,NA
961,18-08-2022,NA
962,19-08-2022,NA
963,20-08-2022,NA
964,21-08-2022,NA
965,22-08-2022,NA
966,23-08-2022,NA
967,24-08-2022,1883.91
968,25-08-2022,1941.84
969,26-08-2022,4076.96
970,27-08-2022,NA
971,28-08-2022,NA
972,29-08-2022,3628.09
973,30-08-2022,NA
974,31-08-2022,NA
975,01-09-2022,13080.29375
976,02-09-2022,34697.86
977,03-09-2022,15120
978,04-09-2022,8759.23
979,05-09-2022,5378.86
980,06-09-2022,NA
981,07-09-2022,NA
982,08-09-2022,NA
983,09-09-2022,NA
984,10-09-2022,NA
985,11-09-2022,1670.07
986,12-09-2022,NA
987,13-09-2022,NA
988,14-09-2022,NA
989,15-09-2022,NA
990,16-09-2022,2473.62
991,17-09-2022,NA
992,18-09-2022,NA
993,19-09-2022,NA
994,20-09-2022,NA
995,21-09-2022,2246.11
996,22-09-2022,NA
997,23-09-2022,NA
998,24-09-2022,NA
999,25-09-2022,NA
1000,26-09-2022,NA
1001,27-09-2022,1724.07
1002,28-09-2022,5531.32
1003,29-09-2022,NA
1004,30-09-2022,NA
1005,01-10-2022,17903.995
1006,02-10-2022,NA
1007,03-10-2022,NA
1008,04-10-2022,13380
1009,05-10-2022,4570.97
1010,06-10-2022,NA
1011,07-10-2022,NA
1012,08-10-2022,3911.82
1013,09-10-2022,NA
1014,10-10-2022,3622.49
1015,11-10-2022,3161.36
1016,12-10-2022,NA
1017,13-10-2022,NA
1018,14-10-2022,NA
1019,15-10-2022,NA
1020,16-10-2022,NA
1021,17-10-2022,NA
1022,18-10-2022,2303.7
1023,19-10-2022,NA
1024,20-10-2022,NA
1025,21-10-2022,NA
1026,22-10-2022,2205.03
1027,23-10-2022,NA
1028,24-10-2022,NA
1029,25-10-2022,NA
1030,26-10-2022,3074.85
1031,27-10-2022,NA
1032,28-10-2022,NA
1033,29-10-2022,NA
1034,30-10-2022,NA
1035,31-10-2022,NA
1036,01-11-2022,16457.265
1037,02-11-2022,17704.76
1038,03-11-2022,12369.24
1039,04-11-2022,9143
1040,05-11-2022,NA
1041,06-11-2022,NA
1042,07-11-2022,NA
1043,08-11-2022,NA
1044,09-11-2022,NA
1045,10-11-2022,1964.59
1046,11-11-2022,3088.518
1047,12-11-2022,NA
1048,13-11-2022,NA
1049,14-11-2022,NA
1050,15-11-2022,NA
1051,16-11-2022,NA
1052,17-11-2022,NA
1053,18-11-2022,NA
1054,19-11-2022,NA
1055,20-11-2022,NA
1056,21-11-2022,NA
1057,22-11-2022,NA
1058,23-11-2022,NA
1059,24-11-2022,NA
1060,25-11-2022,NA
1061,26-11-2022,NA
1062,27-11-2022,1640.41
1063,28-11-2022,NA
1064,29-11-2022,2002.52
1065,30-11-2022,NA
1066,01-12-2022,17661.98433
1067,02-12-2022,12540.4
1068,03-12-2022,NA
1069,04-12-2022,13662.9
1070,05-12-2022,7701.59
1071,06-12-2022,NA
1072,07-12-2022,4178.64
1073,08-12-2022,NA
1074,09-12-2022,NA
1075,10-12-2022,2674.52
1076,11-12-2022,3138.13
1077,12-12-2022,NA
1078,13-12-2022,NA
1079,14-12-2022,NA
1080,15-12-2022,NA
1081,16-12-2022,NA
1082,17-12-2022,NA
1083,18-12-2022,NA
1084,19-12-2022,NA
1085,20-12-2022,11966.2
1086,21-12-2022,NA
1087,22-12-2022,NA
1088,23-12-2022,NA
1089,24-12-2022,NA
1090,25-12-2022,NA
1091,26-12-2022,NA
1092,27-12-2022,NA
1093,28-12-2022,NA
1094,29-12-2022,NA
1095,30-12-2022,2586.62
1096,31-12-2022,NA
1097,01-01-2023,NA
1098,02-01-2023,NA
1099,03-01-2023,NA
1100,04-01-2023,NA
1101,05-01-2023,NA
1102,06-01-2023,NA
1103,07-01-2023,NA
1104,08-01-2023,NA
1105,09-01-2023,NA
1106,10-01-2023,NA
1107,11-01-2023,NA
1108,12-01-2023,535.73
1109,13-01-2023,2605.61
1110,14-01-2023,2869.5
1111,15-01-2023,2993.195
1112,16-01-2023,NA
1113,17-01-2023,NA
1114,18-01-2023,NA
1115,19-01-2023,NA
1116,20-01-2023,NA
1117,21-01-2023,NA
1118,22-01-2023,NA
1119,23-01-2023,NA
1120,24-01-2023,NA
1121,25-01-2023,2972.97
1122,26-01-2023,NA
1123,27-01-2023,NA
1124,28-01-2023,NA
1125,29-01-2023,1920.6
1126,30-01-2023,NA
1127,31-01-2023,NA
1128,01-02-2023,NA
1129,02-02-2023,NA
1130,03-02-2023,NA
1131,04-02-2023,NA
1132,05-02-2023,NA
1133,06-02-2023,NA
1134,07-02-2023,NA
1135,08-02-2023,NA
1136,09-02-2023,NA
1137,10-02-2023,1217.68
1138,11-02-2023,NA
1139,12-02-2023,831.23
1140,13-02-2023,NA
1141,14-02-2023,NA
1142,15-02-2023,NA
1143,16-02-2023,NA
1144,17-02-2023,NA
1145,18-02-2023,NA
1146,19-02-2023,NA
1147,20-02-2023,NA
1148,21-02-2023,NA
1149,22-02-2023,NA
1150,23-02-2023,NA
1151,24-02-2023,NA
1152,25-02-2023,NA
1153,26-02-2023,NA
1154,27-02-2023,NA
1155,28-02-2023,NA
1156,01-03-2023,7921.56
1157,02-03-2023,3677.1
1158,03-03-2023,NA
1159,04-03-2023,NA
1160,05-03-2023,NA
1161,06-03-2023,NA
1162,07-03-2023,1435.41
1163,08-03-2023,NA
1164,09-03-2023,NA
1165,10-03-2023,NA
1166,11-03-2023,NA
1167,12-03-2023,NA
1168,13-03-2023,NA
1169,14-03-2023,NA
1170,15-03-2023,NA
1171,16-03-2023,NA
1172,17-03-2023,NA
1173,18-03-2023,NA
1174,19-03-2023,NA
1175,20-03-2023,NA
1176,21-03-2023,NA
1177,22-03-2023,NA
1178,23-03-2023,NA
1179,24-03-2023,NA
1180,25-03-2023,NA
1181,26-03-2023,NA
1182,27-03-2023,NA
1183,28-03-2023,NA
1184,29-03-2023,NA
1185,30-03-2023,NA
1186,31-03-2023,1986.72
1187,01-04-2023,NA
1188,02-04-2023,NA
1189,03-04-2023,NA
1190,04-04-2023,NA
1191,05-04-2023,NA
1192,06-04-2023,NA
1193,07-04-2023,NA
1194,08-04-2023,NA
1195,09-04-2023,NA
1196,10-04-2023,736.81
1197,11-04-2023,NA
1198,12-04-2023,NA
1199,13-04-2023,NA
1200,14-04-2023,NA
1201,15-04-2023,NA
1202,16-04-2023,NA
1203,17-04-2023,NA
1204,18-04-2023,NA
1205,19-04-2023,NA
1206,20-04-2023,NA
1207,21-04-2023,NA
1208,22-04-2023,NA
1209,23-04-2023,NA
1210,24-04-2023,NA
1211,25-04-2023,1391.77
1212,26-04-2023,1221.16
1213,27-04-2023,NA
1214,28-04-2023,2467.53
1215,29-04-2023,NA
1216,30-04-2023,NA
1217,01-05-2023,NA
1218,02-05-2023,NA
1219,03-05-2023,NA
1220,04-05-2023,2562.39
1221,05-05-2023,NA
1222,06-05-2023,NA
1223,07-05-2023,NA
1224,08-05-2023,NA
1225,09-05-2023,649.11
1226,10-05-2023,NA
1227,11-05-2023,999.87
1228,12-05-2023,NA
1229,13-05-2023,NA
1230,14-05-2023,NA
1231,15-05-2023,NA
1232,16-05-2023,NA
1233,17-05-2023,1210.43
1234,18-05-2023,NA
1235,19-05-2023,NA
1236,20-05-2023,NA
1237,21-05-2023,NA
1238,22-05-2023,NA
1239,23-05-2023,NA
1240,24-05-2023,NA
1241,25-05-2023,1006.14
1242,26-05-2023,NA
1243,27-05-2023,NA
1244,28-05-2023,NA
1245,29-05-2023,NA
1246,30-05-2023,NA
1247,31-05-2023,1397.82
1248,01-06-2023,NA
1249,02-06-2023,NA
1250,03-06-2023,2117.04
1251,04-06-2023,2563.66
1252,05-06-2023,NA
1253,06-06-2023,NA
1254,07-06-2023,NA
1255,08-06-2023,1099.24
1256,09-06-2023,NA
1257,10-06-2023,NA
1258,11-06-2023,NA
1259,12-06-2023,946.03
1260,13-06-2023,NA
1261,14-06-2023,903.88
1262,15-06-2023,NA
1263,16-06-2023,898.77
1264,17-06-2023,2405.48
1265,18-06-2023,NA
1266,19-06-2023,442.25
1267,20-06-2023,971.915
1268,21-06-2023,NA
1269,22-06-2023,NA
1270,23-06-2023,NA
1271,24-06-2023,NA
1272,25-06-2023,NA
1273,26-06-2023,NA
1274,27-06-2023,NA
1275,28-06-2023,NA
1276,29-06-2023,NA
1277,30-06-2023,NA
1278,01-07-2023,NA
1279,02-07-2023,2117.03
1280,03-07-2023,NA
1281,04-07-2023,NA
1282,05-07-2023,NA
1283,06-07-2023,NA
1284,07-07-2023,NA
1285,08-07-2023,NA
1286,09-07-2023,NA
1287,10-07-2023,NA
1288,11-07-2023,NA
1289,12-07-2023,NA
1290,13-07-2023,NA
1291,14-07-2023,NA
1292,15-07-2023,NA
1293,16-07-2023,1034.24
1294,17-07-2023,NA
1295,18-07-2023,NA
1296,19-07-2023,NA
1297,20-07-2023,NA
1298,21-07-2023,NA
1299,22-07-2023,NA
1300,23-07-2023,NA
1301,24-07-2023,NA
1302,25-07-2023,NA
1303,26-07-2023,4027.52
1304,27-07-2023,NA
1305,28-07-2023,1877.59
1306,29-07-2023,NA
1307,30-07-2023,NA
1308,31-07-2023,NA
1309,01-08-2023,NA
1310,02-08-2023,NA
1311,03-08-2023,NA
1312,04-08-2023,NA
1313,05-08-2023,NA
1314,06-08-2023,NA
1315,07-08-2023,3822.99
1316,08-08-2023,NA
1317,09-08-2023,NA
1318,10-08-2023,NA
1319,11-08-2023,460.9
1320,12-08-2023,NA
1321,13-08-2023,NA
1322,14-08-2023,NA
1323,15-08-2023,NA
1324,16-08-2023,NA
1325,17-08-2023,NA
1326,18-08-2023,NA
1327,19-08-2023,NA
1328,20-08-2023,NA
1329,21-08-2023,NA
1330,22-08-2023,NA
1331,23-08-2023,NA
1332,24-08-2023,NA
1333,25-08-2023,NA
1334,26-08-2023,NA
1335,27-08-2023,NA
1336,28-08-2023,NA
1337,29-08-2023,NA
1338,30-08-2023,NA
1339,31-08-2023,NA
1340,01-09-2023,1868.8
1341,02-09-2023,NA
1342,03-09-2023,NA
1343,04-09-2023,1747.27
1344,05-09-2023,2367.09
1345,06-09-2023,NA
1346,07-09-2023,933.9
1347,08-09-2023,NA
1348,09-09-2023,NA
1349,10-09-2023,NA
1350,11-09-2023,NA
1351,12-09-2023,NA
1352,13-09-2023,NA
1353,14-09-2023,608.27
1354,15-09-2023,NA
1355,16-09-2023,NA
1356,17-09-2023,NA
1357,18-09-2023,NA
1358,19-09-2023,NA
1359,20-09-2023,NA
1360,21-09-2023,NA
1361,22-09-2023,NA
1362,23-09-2023,NA
1363,24-09-2023,NA
1364,25-09-2023,NA
1365,26-09-2023,NA
1366,27-09-2023,1031.23
1367,28-09-2023,NA
1368,29-09-2023,NA
1369,30-09-2023,NA
1370,01-10-2023,NA
1371,02-10-2023,NA
1372,03-10-2023,NA
1373,04-10-2023,NA
1374,05-10-2023,NA
1375,06-10-2023,NA
1376,07-10-2023,464.09
1377,08-10-2023,NA
1378,09-10-2023,NA
1379,10-10-2023,983.5
1380,11-10-2023,680.77
1381,12-10-2023,586.3
1382,13-10-2023,NA
1383,14-10-2023,NA
1384,15-10-2023,NA
1385,16-10-2023,NA
1386,17-10-2023,NA
1387,18-10-2023,NA
1388,19-10-2023,NA
1389,20-10-2023,NA
1390,21-10-2023,NA
1391,22-10-2023,NA
1392,23-10-2023,776.35
1393,24-10-2023,NA
1394,25-10-2023,NA
1395,26-10-2023,NA
1396,27-10-2023,NA
1397,28-10-2023,NA
1398,29-10-2023,NA
1399,30-10-2023,NA
1400,31-10-2023,NA
1401,01-11-2023,3306.12
1402,02-11-2023,NA
1403,03-11-2023,NA
1404,04-11-2023,NA
1405,05-11-2023,NA
1406,06-11-2023,NA
1407,07-11-2023,862.92
1408,08-11-2023,NA
1409,09-11-2023,NA
1410,10-11-2023,NA
1411,11-11-2023,947.49
1412,12-11-2023,978.0071429
1413,13-11-2023,NA
1414,14-11-2023,861.35
1415,15-11-2023,NA
1416,16-11-2023,NA
1417,17-11-2023,NA
1418,18-11-2023,NA
1419,19-11-2023,849.34
1420,20-11-2023,NA
1421,21-11-2023,NA
1422,22-11-2023,NA
1423,23-11-2023,NA
1424,24-11-2023,NA
1425,25-11-2023,1105.19
1426,26-11-2023,NA
1427,27-11-2023,NA
1428,28-11-2023,NA
1429,29-11-2023,NA
1430,30-11-2023,NA
1431,01-12-2023,NA
1432,02-12-2023,NA
1433,03-12-2023,NA
1434,04-12-2023,2100.38
1435,05-12-2023,NA
1436,06-12-2023,NA
1437,07-12-2023,NA
1438,08-12-2023,NA
1439,09-12-2023,NA
1440,10-12-2023,1079.58
1441,11-12-2023,NA
1442,12-12-2023,NA
1443,13-12-2023,NA
1444,14-12-2023,NA
1445,15-12-2023,NA
1446,16-12-2023,NA
1447,17-12-2023,NA
1448,18-12-2023,1420.73
1449,19-12-2023,NA
1450,20-12-2023,666.04
1451,21-12-2023,833.04
1452,22-12-2023,NA
1453,23-12-2023,NA
1454,24-12-2023,NA
1455,25-12-2023,NA
1456,26-12-2023,NA
1457,27-12-2023,NA
1458,28-12-2023,NA
1459,29-12-2023,NA
1460,30-12-2023,NA
1461,31-12-2023,846.99
1462,01-01-2024,NA
1463,02-01-2024,NA
1464,03-01-2024,NA
1465,04-01-2024,NA
1466,05-01-2024,NA
1467,06-01-2024,NA
1468,07-01-2024,NA
1469,08-01-2024,NA
1470,09-01-2024,NA
1471,10-01-2024,NA
1472,11-01-2024,NA
1473,12-01-2024,1106.73
1474,13-01-2024,NA
1475,14-01-2024,1375.91
1476,15-01-2024,NA
1477,16-01-2024,NA
1478,17-01-2024,NA
1479,18-01-2024,NA
1480,19-01-2024,NA
1481,20-01-2024,NA
1482,21-01-2024,NA
1483,22-01-2024,NA
1484,23-01-2024,NA
1485,24-01-2024,NA
1486,25-01-2024,NA
1487,26-01-2024,NA
1488,27-01-2024,NA
1489,28-01-2024,NA
1490,29-01-2024,NA
1491,30-01-2024,392.548
1492,31-01-2024,NA
1493,01-02-2024,588.56
1494,02-02-2024,NA
1495,03-02-2024,664.1
1496,04-02-2024,NA
1497,05-02-2024,NA
1498,06-02-2024,NA
1499,07-02-2024,NA
1500,08-02-2024,NA
1501,09-02-2024,NA
1502,10-02-2024,NA
1503,11-02-2024,NA
1504,12-02-2024,NA
1505,13-02-2024,NA
1506,14-02-2024,NA
1507,15-02-2024,NA
1508,16-02-2024,NA
1509,17-02-2024,NA
1510,18-02-2024,NA
1511,19-02-2024,NA
1512,20-02-2024,NA
1513,21-02-2024,436.01
1514,22-02-2024,NA
1515,23-02-2024,NA
1516,24-02-2024,NA
1517,25-02-2024,NA
1518,26-02-2024,NA
1519,27-02-2024,NA
1520,28-02-2024,NA
1521,29-02-2024,NA
1522,01-03-2024,NA
1523,02-03-2024,NA
1524,03-03-2024,NA
1525,04-03-2024,NA
1526,05-03-2024,NA
1527,06-03-2024,NA
1528,07-03-2024,1229.7
1529,08-03-2024,NA
1530,09-03-2024,1229.7
1531,10-03-2024,NA
1532,11-03-2024,NA
1533,12-03-2024,NA
1534,13-03-2024,1225.465
1535,14-03-2024,2946.43
1536,15-03-2024,NA
1537,16-03-2024,NA
1538,17-03-2024,NA
1539,18-03-2024,NA
1540,19-03-2024,NA
1541,20-03-2024,NA
1542,21-03-2024,NA
1543,22-03-2024,NA
1544,23-03-2024,NA
1545,24-03-2024,NA
1546,25-03-2024,NA
1547,26-03-2024,1347.76
1548,27-03-2024,NA
1549,28-03-2024,1567.1
1550,29-03-2024,NA
1551,30-03-2024,NA
1552,31-03-2024,NA
1553,01-04-2024,NA
1554,02-04-2024,NA
1555,03-04-2024,NA
1556,04-04-2024,NA
1557,05-04-2024,NA
1558,06-04-2024,737.82
1559,07-04-2024,NA
1560,08-04-2024,NA
1561,09-04-2024,NA
1562,10-04-2024,NA
1563,11-04-2024,NA
1564,12-04-2024,NA
1565,13-04-2024,NA
1566,14-04-2024,NA
1567,15-04-2024,NA
1568,16-04-2024,553.36
1569,17-04-2024,553.36
1570,18-04-2024,NA
1571,19-04-2024,3074.25
1572,20-04-2024,NA
1573,21-04-2024,NA
1574,22-04-2024,NA
1575,23-04-2024,NA
1576,24-04-2024,NA
1577,25-04-2024,NA
1578,26-04-2024,614.85
1579,27-04-2024,NA
1580,28-04-2024,NA
1581,29-04-2024,NA
1582,30-04-2024,NA
1583,01-05-2024,NA
1584,02-05-2024,NA
1585,03-05-2024,NA
1586,04-05-2024,NA
1587,05-05-2024,NA
1588,06-05-2024,NA
1589,07-05-2024,NA
1590,08-05-2024,NA
1591,09-05-2024,NA
1592,10-05-2024,NA
1593,11-05-2024,NA
1594,12-05-2024,NA
1595,13-05-2024,NA
1596,14-05-2024,NA
1597,15-05-2024,NA
1598,16-05-2024,NA
1599,17-05-2024,NA
1600,18-05-2024,NA
1601,19-05-2024,NA
1602,20-05-2024,NA
1603,21-05-2024,NA
1604,22-05-2024,613.62
1605,23-05-2024,NA
1606,24-05-2024,NA
1607,25-05-2024,NA
1608,26-05-2024,NA
1609,27-05-2024,4788.44
1610,28-05-2024,NA
1611,29-05-2024,NA
1612,30-05-2024,NA
1613,31-05-2024,NA
1614,01-06-2024,NA
1615,02-06-2024,NA
1616,03-06-2024,NA
1617,04-06-2024,NA
1618,05-06-2024,NA
1619,06-06-2024,NA
1620,07-06-2024,NA
1621,08-06-2024,NA
1622,09-06-2024,NA
1623,10-06-2024,NA
1624,11-06-2024,NA
1625,12-06-2024,NA
1626,13-06-2024,NA
1627,14-06-2024,NA
1628,15-06-2024,NA
1629,16-06-2024,NA
1630,17-06-2024,NA
1631,18-06-2024,NA
1632,19-06-2024,613.62
1633,20-06-2024,NA
1634,21-06-2024,NA
1635,22-06-2024,NA
1636,23-06-2024,NA
1637,24-06-2024,NA
1638,25-06-2024,NA
1639,26-06-2024,NA
1640,27-06-2024,NA
1641,28-06-2024,NA
1642,29-06-2024,NA
1643,30-06-2024,NA
1644,01-07-2024,NA
1645,02-07-2024,NA
1646,03-07-2024,NA
1647,04-07-2024,347.88
1648,05-07-2024,NA
1649,06-07-2024,NA
1650,07-07-2024,NA
1651,08-07-2024,NA
1652,09-07-2024,NA
1653,10-07-2024,NA
1654,11-07-2024,NA
1655,12-07-2024,NA
1656,13-07-2024,737.82
1657,14-07-2024,NA
1658,15-07-2024,675.72
1659,16-07-2024,NA
1660,17-07-2024,NA
1661,18-07-2024,NA
1662,19-07-2024,NA
1663,20-07-2024,NA
1664,21-07-2024,NA
1665,22-07-2024,NA
1666,23-07-2024,NA
1667,24-07-2024,NA
1668,25-07-2024,NA
1669,26-07-2024,NA
1670,27-07-2024,NA
1671,28-07-2024,NA
1672,29-07-2024,NA
1673,30-07-2024,NA
1674,31-07-2024,NA
1675,01-08-2024,NA
1676,02-08-2024,NA
1677,03-08-2024,NA
1678,04-08-2024,NA
1679,05-08-2024,NA
1680,06-08-2024,NA
1681,07-08-2024,737.82
1682,08-08-2024,NA
1683,09-08-2024,NA
1684,10-08-2024,NA
1685,11-08-2024,NA
1686,12-08-2024,431.5557143
1687,13-08-2024,NA
1688,14-08-2024,NA
1689,15-08-2024,NA
1690,16-08-2024,NA
1691,17-08-2024,NA
1692,18-08-2024,NA
1693,19-08-2024,NA
1694,20-08-2024,NA
1695,21-08-2024,NA
1696,22-08-2024,NA
1697,23-08-2024,NA
1698,24-08-2024,NA
1699,25-08-2024,NA
1700,26-08-2024,NA
1701,27-08-2024,NA
1702,28-08-2024,NA
1703,29-08-2024,NA
1704,30-08-2024,737.51
1705,31-08-2024,NA
1706,01-09-2024,NA
1707,02-09-2024,NA
1708,03-09-2024,NA
1709,04-09-2024,NA
1710,05-09-2024,NA
1711,06-09-2024,NA
1712,07-09-2024,NA
1713,08-09-2024,NA
1714,09-09-2024,NA
1715,10-09-2024,NA
1716,11-09-2024,NA
1717,12-09-2024,341.57
1718,13-09-2024,NA
1719,14-09-2024,NA
1720,15-09-2024,NA
1721,16-09-2024,NA
1722,17-09-2024,NA
1723,18-09-2024,NA
1724,19-09-2024,NA
1725,20-09-2024,NA
1726,21-09-2024,NA
1727,22-09-2024,NA
1728,23-09-2024,NA
1729,24-09-2024,NA
1730,25-09-2024,NA
1731,26-09-2024,NA
1732,27-09-2024,NA
1733,28-09-2024,NA
1734,29-09-2024,NA
1735,30-09-2024,NA
1736,01-10-2024,NA
1737,02-10-2024,NA
1738,03-10-2024,NA
1739,04-10-2024,NA
1740,05-10-2024,NA
1741,06-10-2024,NA
1742,07-10-2024,NA
1743,08-10-2024,NA
1744,09-10-2024,NA
1745,10-10-2024,NA
1746,11-10-2024,NA
1747,12-10-2024,678.3833333
1748,13-10-2024,NA
1749,14-10-2024,NA
1750,15-10-2024,NA
1751,16-10-2024,NA
1752,17-10-2024,NA
1753,18-10-2024,NA
1754,19-10-2024,NA
1755,20-10-2024,NA
1756,21-10-2024,NA
1757,22-10-2024,NA
1758,23-10-2024,NA
1759,24-10-2024,NA
1760,25-10-2024,NA
1761,26-10-2024,NA
1762,27-10-2024,NA
1763,28-10-2024,NA
1764,29-10-2024,NA
1765,30-10-2024,NA
1766,31-10-2024,NA
1767,01-11-2024,NA
1768,02-11-2024,NA
1769,03-11-2024,NA
1770,04-11-2024,NA
1771,05-11-2024,NA
1772,06-11-2024,NA
1773,07-11-2024,NA
1774,08-11-2024,NA
1775,09-11-2024,NA
1776,10-11-2024,NA
1777,11-11-2024,NA
1778,12-11-2024,778.4
1779,13-11-2024,NA
1780,14-11-2024,NA
1781,15-11-2024,NA
1782,16-11-2024,NA
1783,17-11-2024,NA
1784,18-11-2024,NA
1785,19-11-2024,NA
1786,20-11-2024,NA
1787,21-11-2024,NA
1788,22-11-2024,NA
1789,23-11-2024,NA
1790,24-11-2024,NA
1791,25-11-2024,3443.155
1792,26-11-2024,927.325
1793,27-11-2024,880.834
1794,28-11-2024,NA
1795,29-11-2024,NA
1796,30-11-2024,NA
1797,01-12-2024,580.2033333
1798,02-12-2024,NA
1799,03-12-2024,NA
1800,04-12-2024,NA
1801,05-12-2024,NA
1802,06-12-2024,614.23
1803,07-12-2024,NA
1804,08-12-2024,NA
1805,09-12-2024,NA
1806,10-12-2024,NA
1807,11-12-2024,NA
1808,12-12-2024,NA
1809,13-12-2024,572.73
1810,14-12-2024,NA
1811,15-12-2024,686.59
1812,16-12-2024,NA
1813,17-12-2024,NA
1814,18-12-2024,887.84
1815,19-12-2024,NA
1816,20-12-2024,NA
1817,21-12-2024,NA
1818,22-12-2024,344.67
1819,23-12-2024,NA
1820,24-12-2024,NA
1821,25-12-2024,NA
1822,26-12-2024,NA
1823,27-12-2024,614.23
1824,28-12-2024,NA
1825,29-12-2024,NA
1826,30-12-2024,NA
1827,31-12-2024,NA
