Dates,value,,,,,,
01-01-2020, 94.85 ,,,,,,
02-01-2020, 96.43 ,,,,,,
03-01-2020, 93.50 ,,,,,,
04-01-2020, 79.24 ,,,,,,
05-01-2020, 79.00 ,,,,,,
06-01-2020, 78.85 ,,,,,,
07-01-2020, 91.02 ,,,,,,
08-01-2020, 98.08 ,,,,,,
09-01-2020, 98.21 ,,,,,,
10-01-2020, 96.59 ,,,,,,
11-01-2020, 92.70 ,,,,,,
12-01-2020, 95.86 ,,,,,,
13-01-2020, 94.54 ,,,,,,
14-01-2020, 91.65 ,,,,,,
15-01-2020, 96.92 ,,,,,,
16-01-2020, 98.07 ,,,,,,
17-01-2020, 99.56 ,,,,,,
18-01-2020, 102.62 ,,,,,,
19-01-2020, 99.00 ,,,,,,
20-01-2020, 100.65 ,,,,,,
21-01-2020, 101.66 ,,,,,,
22-01-2020, 103.14 ,,,,,,
23-01-2020, 105.59 ,,,,,,
24-01-2020, 106.93 ,,,,,,
25-01-2020, 107.71 ,,,,,,
26-01-2020, 118.03 ,,,,,,
27-01-2020, 113.53 ,,,,,,
28-01-2020, 116.90 ,,,,,,
29-01-2020, 123.37 ,,,,,,
30-01-2020, 121.85 ,,,,,,
31-01-2020, 125.03 ,,,,,,
01-02-2020, 126.16 ,,,,,,
02-02-2020, 133.89 ,,,,,,
03-02-2020, 137.93 ,,,,,,
04-02-2020, 139.66 ,,,,,,
05-02-2020, 141.14 ,,,,,,
06-02-2020, 143.66 ,,,,,,
07-02-2020, 144.10 ,,,,,,
08-02-2020, 124.75 ,,,,,,
09-02-2020, 125.77 ,,,,,,
10-02-2020, 126.50 ,,,,,,
11-02-2020, 126.94 ,,,,,,
12-02-2020, 149.35 ,,,,,,
13-02-2020, 157.96 ,,,,,,
14-02-2020, 150.52 ,,,,,,
15-02-2020, 151.31 ,,,,,,
16-02-2020, 148.87 ,,,,,,
17-02-2020, 152.72 ,,,,,,
18-02-2020, 148.71 ,,,,,,
19-02-2020, 143.46 ,,,,,,
20-02-2020, 146.74 ,,,,,,
21-02-2020, 143.86 ,,,,,,
22-02-2020, 135.63 ,,,,,,
23-02-2020, 129.66 ,,,,,,
24-02-2020, 127.57 ,,,,,,
25-02-2020, 122.54 ,,,,,,
26-02-2020, 119.59 ,,,,,,
27-02-2020, 120.29 ,,,,,,
28-02-2020, 115.97 ,,,,,,
29-02-2020, 108.55 ,,,,,,
01-03-2020, 101.12 ,,,,,,
02-03-2020, 98.72 ,,,,,,
03-03-2020, 91.85 ,,,,,,
04-03-2020, 86.22 ,,,,,,
05-03-2020, 85.62 ,,,,,,
06-03-2020, 84.40 ,,,,,,
07-03-2020, 82.60 ,,,,,,
08-03-2020, 80.90 ,,,,,,
09-03-2020, 79.32 ,,,,,,
10-03-2020, 77.92 ,,,,,,
11-03-2020, 76.10 ,,,,,,
12-03-2020, 73.86 ,,,,,,
13-03-2020, 69.46 ,,,,,,
14-03-2020, 60.77 ,,,,,,
15-03-2020, 59.91 ,,,,,,
16-03-2020, 59.17 ,,,,,,
17-03-2020, 63.06 ,,,,,,
18-03-2020, 64.96 ,,,,,,
19-03-2020, 65.65 ,,,,,,
20-03-2020, 65.30 ,,,,,,
21-03-2020, 65.27 ,,,,,,
22-03-2020, 65.21 ,,,,,,
23-03-2020, 65.03 ,,,,,,
24-03-2020, 65.21 ,,,,,,
25-03-2020, 65.64 ,,,,,,
26-03-2020, 65.63 ,,,,,,
27-03-2020, 66.44 ,,,,,,
28-03-2020, 67.61 ,,,,,,
29-03-2020, 69.07 ,,,,,,
30-03-2020, 70.56 ,,,,,,
31-03-2020, 72.46 ,,,,,,
01-04-2020, 74.55 ,,,,,,
02-04-2020, 75.78 ,,,,,,
03-04-2020, 72.17 ,,,,,,
04-04-2020, 74.46 ,,,,,,
05-04-2020, 81.43 ,,,,,,
06-04-2020, 78.30 ,,,,,,
07-04-2020, 79.38 ,,,,,,
08-04-2020, 72.24 ,,,,,,
09-04-2020, 81.64 ,,,,,,
10-04-2020, 85.60 ,,,,,,
11-04-2020, 84.59 ,,,,,,
12-04-2020, 83.59 ,,,,,,
13-04-2020, 83.38 ,,,,,,
14-04-2020, 84.30 ,,,,,,
15-04-2020, 84.48 ,,,,,,
16-04-2020, 85.30 ,,,,,,
17-04-2020, 89.61 ,,,,,,
18-04-2020, 85.95 ,,,,,,
19-04-2020, 82.91 ,,,,,,
20-04-2020, 85.19 ,,,,,,
21-04-2020, 84.79 ,,,,,,
22-04-2020, 86.27 ,,,,,,
23-04-2020, 85.89 ,,,,,,
24-04-2020, 85.25 ,,,,,,
25-04-2020, 85.63 ,,,,,,
26-04-2020, 85.32 ,,,,,,
27-04-2020, 84.54 ,,,,,,
28-04-2020, 84.65 ,,,,,,
29-04-2020, 84.81 ,,,,,,
30-04-2020, 83.72 ,,,,,,
01-05-2020, 84.71 ,,,,,,
02-05-2020, 85.11 ,,,,,,
03-05-2020, 83.53 ,,,,,,
04-05-2020, 86.87 ,,,,,,
05-05-2020, 87.96 ,,,,,,
06-05-2020, 87.68 ,,,,,,
07-05-2020, 87.46 ,,,,,,
08-05-2020, 87.31 ,,,,,,
09-05-2020, 81.54 ,,,,,,
10-05-2020, 71.64 ,,,,,,
11-05-2020, 84.54 ,,,,,,
12-05-2020, 86.29 ,,,,,,
13-05-2020, 86.06 ,,,,,,
14-05-2020, 84.81 ,,,,,,
15-05-2020, 82.97 ,,,,,,
16-05-2020, 82.94 ,,,,,,
17-05-2020, 83.81 ,,,,,,
18-05-2020, 84.17 ,,,,,,
19-05-2020, 84.40 ,,,,,,
20-05-2020, 84.36 ,,,,,,
21-05-2020, 84.93 ,,,,,,
22-05-2020, 86.60 ,,,,,,
23-05-2020, 87.31 ,,,,,,
24-05-2020, 88.20 ,,,,,,
25-05-2020, 88.93 ,,,,,,
26-05-2020, 90.96 ,,,,,,
27-05-2020, 93.03 ,,,,,,
28-05-2020, 94.14 ,,,,,,
29-05-2020, 94.55 ,,,,,,
30-05-2020, 96.45 ,,,,,,
31-05-2020, 98.85 ,,,,,,
01-06-2020, 101.21 ,,,,,,
02-06-2020, 104.57 ,,,,,,
03-06-2020, 109.11 ,,,,,,
04-06-2020, 112.01 ,,,,,,
05-06-2020, 112.63 ,,,,,,
06-06-2020, 111.10 ,,,,,,
07-06-2020, 109.91 ,,,,,,
08-06-2020, 112.76 ,,,,,,
09-06-2020, 114.68 ,,,,,,
10-06-2020, 115.45 ,,,,,,
11-06-2020, 115.39 ,,,,,,
12-06-2020, 115.71 ,,,,,,
13-06-2020, 116.40 ,,,,,,
14-06-2020, 116.93 ,,,,,,
15-06-2020, 116.75 ,,,,,,
16-06-2020, 114.81 ,,,,,,
17-06-2020, 115.33 ,,,,,,
18-06-2020, 118.28 ,,,,,,
19-06-2020, 117.47 ,,,,,,
20-06-2020, 115.45 ,,,,,,
21-06-2020, 118.14 ,,,,,,
22-06-2020, 119.77 ,,,,,,
23-06-2020, 120.45 ,,,,,,
24-06-2020, 119.66 ,,,,,,
25-06-2020, 116.97 ,,,,,,
26-06-2020, 110.86 ,,,,,,
27-06-2020, 112.65 ,,,,,,
28-06-2020, 112.18 ,,,,,,
29-06-2020, 109.45 ,,,,,,
30-06-2020, 107.54 ,,,,,,
01-07-2020, 108.52 ,,,,,,
02-07-2020, 108.31 ,,,,,,
03-07-2020, 105.83 ,,,,,,
04-07-2020, 102.18 ,,,,,,
05-07-2020, 101.28 ,,,,,,
06-07-2020, 99.66 ,,,,,,
07-07-2020, 98.73 ,,,,,,
08-07-2020, 98.86 ,,,,,,
09-07-2020, 99.19 ,,,,,,
10-07-2020, 99.70 ,,,,,,
11-07-2020, 99.39 ,,,,,,
12-07-2020, 99.12 ,,,,,,
13-07-2020, 98.83 ,,,,,,
14-07-2020, 98.69 ,,,,,,
15-07-2020, 98.95 ,,,,,,
16-07-2020, 99.92 ,,,,,,
17-07-2020, 100.80 ,,,,,,
18-07-2020, 101.17 ,,,,,,
19-07-2020, 101.18 ,,,,,,
20-07-2020, 100.42 ,,,,,,
21-07-2020, 99.26 ,,,,,,
22-07-2020, 100.12 ,,,,,,
23-07-2020, 103.40 ,,,,,,
24-07-2020, 106.20 ,,,,,,
25-07-2020, 107.66 ,,,,,,
26-07-2020, 107.44 ,,,,,,
27-07-2020, 102.89 ,,,,,,
28-07-2020, 89.49 ,,,,,,
29-07-2020, 90.42 ,,,,,,
30-07-2020, 98.94 ,,,,,,
31-07-2020, 107.41 ,,,,,,
01-08-2020, 111.45 ,,,,,,
02-08-2020, 113.24 ,,,,,,
03-08-2020, 112.33 ,,,,,,
04-08-2020, 111.62 ,,,,,,
05-08-2020, 115.18 ,,,,,,
06-08-2020, 116.75 ,,,,,,
07-08-2020, 116.96 ,,,,,,
08-08-2020, 119.25 ,,,,,,
09-08-2020, 124.90 ,,,,,,
10-08-2020, 126.68 ,,,,,,
11-08-2020, 120.95 ,,,,,,
12-08-2020, 119.94 ,,,,,,
13-08-2020, 124.77 ,,,,,,
14-08-2020, 124.18 ,,,,,,
15-08-2020, 125.37 ,,,,,,
16-08-2020, 127.08 ,,,,,,
17-08-2020, 128.09 ,,,,,,
18-08-2020, 129.17 ,,,,,,
19-08-2020, 127.05 ,,,,,,
20-08-2020, 126.73 ,,,,,,
21-08-2020, 133.70 ,,,,,,
22-08-2020, 134.67 ,,,,,,
23-08-2020, 132.32 ,,,,,,
24-08-2020, 128.16 ,,,,,,
25-08-2020, 126.50 ,,,,,,
26-08-2020, 126.91 ,,,,,,
27-08-2020, 128.02 ,,,,,,
28-08-2020, 127.82 ,,,,,,
29-08-2020, 127.42 ,,,,,,
30-08-2020, 127.02 ,,,,,,
31-08-2020, 122.43 ,,,,,,
01-09-2020, 122.35 ,,,,,,
02-09-2020, 128.15 ,,,,,,
03-09-2020, 122.42 ,,,,,,
04-09-2020, 121.76 ,,,,,,
05-09-2020, 122.22 ,,,,,,
06-09-2020, 124.83 ,,,,,,
07-09-2020, 126.21 ,,,,,,
08-09-2020, 125.10 ,,,,,,
09-09-2020, 117.29 ,,,,,,
10-09-2020, 103.11 ,,,,,,
11-09-2020, 102.69 ,,,,,,
12-09-2020, 118.09 ,,,,,,
13-09-2020, 126.75 ,,,,,,
14-09-2020, 126.00 ,,,,,,
15-09-2020, 118.45 ,,,,,,
16-09-2020, 117.86 ,,,,,,
17-09-2020, 118.90 ,,,,,,
18-09-2020, 119.69 ,,,,,,
19-09-2020, 118.58 ,,,,,,
20-09-2020, 116.24 ,,,,,,
21-09-2020, 116.39 ,,,,,,
22-09-2020, 114.24 ,,,,,,
23-09-2020, 113.93 ,,,,,,
24-09-2020, 114.07 ,,,,,,
25-09-2020, 114.89 ,,,,,,
26-09-2020, 115.52 ,,,,,,
27-09-2020, 116.06 ,,,,,,
28-09-2020, 116.45 ,,,,,,
29-09-2020, 116.35 ,,,,,,
30-09-2020, 115.84 ,,,,,,
01-10-2020, 114.11 ,,,,,,
02-10-2020, 111.19 ,,,,,,
03-10-2020, 108.25 ,,,,,,
04-10-2020, 107.32 ,,,,,,
05-10-2020, 106.52 ,,,,,,
06-10-2020, 106.88 ,,,,,,
07-10-2020, 108.46 ,,,,,,
08-10-2020, 111.37 ,,,,,,
09-10-2020, 108.45 ,,,,,,
10-10-2020, 101.32 ,,,,,,
11-10-2020, 92.62 ,,,,,,
12-10-2020, 97.07 ,,,,,,
13-10-2020, 104.24 ,,,,,,
14-10-2020, 108.13 ,,,,,,
15-10-2020, 110.29 ,,,,,,
16-10-2020, 111.17 ,,,,,,
17-10-2020, 111.27 ,,,,,,
18-10-2020, 110.78 ,,,,,,
19-10-2020, 108.33 ,,,,,,
20-10-2020, 110.09 ,,,,,,
21-10-2020, 113.03 ,,,,,,
22-10-2020, 114.79 ,,,,,,
23-10-2020, 114.06 ,,,,,,
24-10-2020, 113.97 ,,,,,,
25-10-2020, 115.50 ,,,,,,
26-10-2020, 115.35 ,,,,,,
27-10-2020, 115.19 ,,,,,,
28-10-2020, 117.08 ,,,,,,
29-10-2020, 120.82 ,,,,,,
30-10-2020, 125.26 ,,,,,,
31-10-2020, 128.79 ,,,,,,
01-11-2020, 130.70 ,,,,,,
02-11-2020, 130.02 ,,,,,,
03-11-2020, 122.24 ,,,,,,
04-11-2020, 128.19 ,,,,,,
05-11-2020, 127.97 ,,,,,,
06-11-2020, 131.28 ,,,,,,
07-11-2020, 134.72 ,,,,,,
08-11-2020, 135.61 ,,,,,,
09-11-2020, 134.67 ,,,,,,
10-11-2020, 132.85 ,,,,,,
11-11-2020, 131.28 ,,,,,,
12-11-2020, 131.03 ,,,,,,
13-11-2020, 131.90 ,,,,,,
14-11-2020, 131.41 ,,,,,,
15-11-2020, 129.30 ,,,,,,
16-11-2020, 128.46 ,,,,,,
17-11-2020, 129.59 ,,,,,,
18-11-2020, 128.14 ,,,,,,
19-11-2020, 124.67 ,,,,,,
20-11-2020, 126.78 ,,,,,,
21-11-2020, 125.43 ,,,,,,
22-11-2020, 122.68 ,,,,,,
23-11-2020, 121.95 ,,,,,,
24-11-2020, 122.09 ,,,,,,
25-11-2020, 121.23 ,,,,,,
26-11-2020, 118.83 ,,,,,,
27-11-2020, 115.46 ,,,,,,
28-11-2020, 111.83 ,,,,,,
29-11-2020, 108.19 ,,,,,,
30-11-2020, 106.42 ,,,,,,
01-12-2020, 104.80 ,,,,,,
02-12-2020, 102.76 ,,,,,,
03-12-2020, 99.36 ,,,,,,
04-12-2020, 95.35 ,,,,,,
05-12-2020, 92.11 ,,,,,,
06-12-2020, 93.70 ,,,,,,
07-12-2020, 97.19 ,,,,,,
08-12-2020, 97.50 ,,,,,,
09-12-2020, 94.75 ,,,,,,
10-12-2020, 98.52 ,,,,,,
11-12-2020, 98.23 ,,,,,,
12-12-2020, 95.55 ,,,,,,
13-12-2020, 97.52 ,,,,,,
14-12-2020, 100.99 ,,,,,,
15-12-2020, 103.72 ,,,,,,
16-12-2020, 106.27 ,,,,,,
17-12-2020, 108.45 ,,,,,,
18-12-2020, 110.28 ,,,,,,
19-12-2020, 112.81 ,,,,,,
20-12-2020, 119.52 ,,,,,,
21-12-2020, 119.60 ,,,,,,
22-12-2020, 127.99 ,,,,,,
23-12-2020, 132.11 ,,,,,,
24-12-2020, 134.46 ,,,,,,
25-12-2020, 143.64 ,,,,,,
26-12-2020, 151.58 ,,,,,,
27-12-2020, 158.40 ,,,,,,
28-12-2020, 166.41 ,,,,,,
29-12-2020, 180.49 ,,,,,,
30-12-2020, 197.15 ,,,,,,
31-12-2020, 214.30 ,,,,,,
01-01-2021, 231.16 ,,,,,,
02-01-2021, 245.44 ,,,,,,
03-01-2021, 264.03 ,,,,,,
04-01-2021, 280.84 ,,,,,,
05-01-2021, 297.95 ,,,,,,
06-01-2021, 315.30 ,,,,,,
07-01-2021, 332.82 ,,,,,,
08-01-2021, 350.41 ,,,,,,
09-01-2021, 368.00 ,,,,,,
10-01-2021, 385.49 ,,,,,,
11-01-2021, 402.80 ,,,,,,
12-01-2021, 419.81 ,,,,,,
13-01-2021, 414.45 ,,,,,,
14-01-2021, 363.67 ,,,,,,
15-01-2021, 376.17 ,,,,,,
16-01-2021, 460.22 ,,,,,,
17-01-2021, 475.07 ,,,,,,
18-01-2021, 493.00 ,,,,,,
19-01-2021, 504.62 ,,,,,,
20-01-2021, 533.39 ,,,,,,
21-01-2021, 528.96 ,,,,,,
22-01-2021, 535.54 ,,,,,,
23-01-2021, 543.45 ,,,,,,
24-01-2021, 546.99 ,,,,,,
25-01-2021, 549.61 ,,,,,,
26-01-2021, 553.19 ,,,,,,
27-01-2021, 554.83 ,,,,,,
28-01-2021, 555.81 ,,,,,,
29-01-2021, 563.89 ,,,,,,
30-01-2021, 571.43 ,,,,,,
31-01-2021, 559.86 ,,,,,,
01-02-2021, 551.10 ,,,,,,
02-02-2021, 538.95 ,,,,,,
03-02-2021, 558.00 ,,,,,,
04-02-2021, 555.01 ,,,,,,
05-02-2021, 552.67 ,,,,,,
06-02-2021, 550.99 ,,,,,,
07-02-2021, 549.95 ,,,,,,
08-02-2021, 549.56 ,,,,,,
09-02-2021, 549.82 ,,,,,,
10-02-2021, 550.72 ,,,,,,
11-02-2021, 552.26 ,,,,,,
12-02-2021, 554.46 ,,,,,,
13-02-2021, 557.32 ,,,,,,
14-02-2021, 560.86 ,,,,,,
15-02-2021, 565.07 ,,,,,,
16-02-2021, 569.99 ,,,,,,
17-02-2021, 529.93 ,,,,,,
18-02-2021, 581.99 ,,,,,,
19-02-2021, 589.12 ,,,,,,
20-02-2021, 597.04 ,,,,,,
21-02-2021, 605.78 ,,,,,,
22-02-2021, 615.37 ,,,,,,
23-02-2021, 621.42 ,,,,,,
24-02-2021, 630.93 ,,,,,,
25-02-2021, 649.16 ,,,,,,
26-02-2021, 663.05 ,,,,,,
27-02-2021, 677.53 ,,,,,,
28-02-2021, 689.23 ,,,,,,
01-03-2021, 676.93 ,,,,,,
02-03-2021, 717.05 ,,,,,,
03-03-2021, 742.81 ,,,,,,
04-03-2021, 758.76 ,,,,,,
05-03-2021, 774.34 ,,,,,,
06-03-2021, 789.53 ,,,,,,
07-03-2021, 804.29 ,,,,,,
08-03-2021, 818.59 ,,,,,,
09-03-2021, 832.38 ,,,,,,
10-03-2021, 845.65 ,,,,,,
11-03-2021, 858.35 ,,,,,,
12-03-2021, 870.46 ,,,,,,
13-03-2021, 881.95 ,,,,,,
14-03-2021, 892.78 ,,,,,,
15-03-2021, 902.94 ,,,,,,
16-03-2021, 912.39 ,,,,,,
17-03-2021, 921.12 ,,,,,,
18-03-2021, 929.09 ,,,,,,
19-03-2021, 936.30 ,,,,,,
20-03-2021, 942.72 ,,,,,,
21-03-2021, 948.33 ,,,,,,
22-03-2021, 953.13 ,,,,,,
23-03-2021, 957.09 ,,,,,,
24-03-2021, 960.21 ,,,,,,
25-03-2021, 962.48 ,,,,,,
26-03-2021, 963.90 ,,,,,,
27-03-2021, 964.45 ,,,,,,
28-03-2021, 964.15 ,,,,,,
29-03-2021, 962.98 ,,,,,,
30-03-2021, 960.96 ,,,,,,
31-03-2021, 958.09 ,,,,,,
01-04-2021, 954.37 ,,,,,,
02-04-2021, 937.25 ,,,,,,
03-04-2021, 946.92 ,,,,,,
04-04-2021, 943.19 ,,,,,,
05-04-2021, 939.46 ,,,,,,
06-04-2021, 935.73 ,,,,,,
07-04-2021, 931.99 ,,,,,,
08-04-2021, 928.25 ,,,,,,
09-04-2021, 924.50 ,,,,,,
10-04-2021, 920.75 ,,,,,,
11-04-2021, 917.00 ,,,,,,
12-04-2021, 913.24 ,,,,,,
13-04-2021, 909.48 ,,,,,,
14-04-2021, 905.72 ,,,,,,
15-04-2021, 901.95 ,,,,,,
16-04-2021, 898.18 ,,,,,,
17-04-2021, 894.41 ,,,,,,
18-04-2021, 890.63 ,,,,,,
19-04-2021, 886.84 ,,,,,,
20-04-2021, 883.05 ,,,,,,
21-04-2021, 879.26 ,,,,,,
22-04-2021, 875.47 ,,,,,,
23-04-2021, 871.66 ,,,,,,
24-04-2021, 867.86 ,,,,,,
25-04-2021, 864.05 ,,,,,,
26-04-2021, 860.24 ,,,,,,
27-04-2021, 856.42 ,,,,,,
28-04-2021, 852.59 ,,,,,,
29-04-2021, 848.76 ,,,,,,
30-04-2021, 844.93 ,,,,,,
01-05-2021, 822.37 ,,,,,,
02-05-2021, 672.44 ,,,,,,
03-05-2021, 832.22 ,,,,,,
04-05-2021, 827.20 ,,,,,,
05-05-2021, 821.80 ,,,,,,
06-05-2021, 816.03 ,,,,,,
07-05-2021, 809.88 ,,,,,,
08-05-2021, 803.39 ,,,,,,
09-05-2021, 796.54 ,,,,,,
10-05-2021, 789.35 ,,,,,,
11-05-2021, 781.84 ,,,,,,
12-05-2021, 774.01 ,,,,,,
13-05-2021, 765.87 ,,,,,,
14-05-2021, 757.43 ,,,,,,
15-05-2021, 748.70 ,,,,,,
16-05-2021, 739.70 ,,,,,,
17-05-2021, 730.44 ,,,,,,
18-05-2021, 720.93 ,,,,,,
19-05-2021, 711.18 ,,,,,,
20-05-2021, 701.20 ,,,,,,
21-05-2021, 691.01 ,,,,,,
22-05-2021, 680.62 ,,,,,,
23-05-2021, 670.04 ,,,,,,
24-05-2021, 659.28 ,,,,,,
25-05-2021, 648.37 ,,,,,,
26-05-2021, 637.30 ,,,,,,
27-05-2021, 626.10 ,,,,,,
28-05-2021, 614.78 ,,,,,,
29-05-2021, 603.35 ,,,,,,
30-05-2021, 591.83 ,,,,,,
31-05-2021, 580.22 ,,,,,,
01-06-2021, 568.54 ,,,,,,
02-06-2021, 549.95 ,,,,,,
03-06-2021, 547.94 ,,,,,,
04-06-2021, 538.94 ,,,,,,
05-06-2021, 530.74 ,,,,,,
06-06-2021, 523.32 ,,,,,,
07-06-2021, 516.66 ,,,,,,
08-06-2021, 510.71 ,,,,,,
09-06-2021, 505.46 ,,,,,,
10-06-2021, 500.89 ,,,,,,
11-06-2021, 496.98 ,,,,,,
12-06-2021, 493.72 ,,,,,,
13-06-2021, 491.08 ,,,,,,
14-06-2021, 489.07 ,,,,,,
15-06-2021, 487.68 ,,,,,,
16-06-2021, 486.89 ,,,,,,
17-06-2021, 486.71 ,,,,,,
18-06-2021, 487.14 ,,,,,,
19-06-2021, 488.17 ,,,,,,
20-06-2021, 489.82 ,,,,,,
21-06-2021, 492.08 ,,,,,,
22-06-2021, 491.30 ,,,,,,
23-06-2021, 498.50 ,,,,,,
24-06-2021, 502.68 ,,,,,,
25-06-2021, 507.52 ,,,,,,
26-06-2021, 508.75 ,,,,,,
27-06-2021, 518.39 ,,,,,,
28-06-2021, 525.28 ,,,,,,
29-06-2021, 533.99 ,,,,,,
30-06-2021, 542.51 ,,,,,,
01-07-2021, 539.01 ,,,,,,
02-07-2021, 556.19 ,,,,,,
03-07-2021, 570.10 ,,,,,,
04-07-2021, 578.98 ,,,,,,
05-07-2021, 587.66 ,,,,,,
06-07-2021, 596.16 ,,,,,,
07-07-2021, 604.45 ,,,,,,
08-07-2021, 612.52 ,,,,,,
09-07-2021, 571.64 ,,,,,,
10-07-2021, 504.59 ,,,,,,
11-07-2021, 635.31 ,,,,,,
12-07-2021, 642.40 ,,,,,,
13-07-2021, 649.22 ,,,,,,
14-07-2021, 655.76 ,,,,,,
15-07-2021, 662.01 ,,,,,,
16-07-2021, 667.96 ,,,,,,
17-07-2021, 668.92 ,,,,,,
18-07-2021, 678.92 ,,,,,,
19-07-2021, 683.92 ,,,,,,
20-07-2021, 688.59 ,,,,,,
21-07-2021, 692.92 ,,,,,,
22-07-2021, 694.72 ,,,,,,
23-07-2021, 694.33 ,,,,,,
24-07-2021, 703.82 ,,,,,,
25-07-2021, 706.73 ,,,,,,
26-07-2021, 709.28 ,,,,,,
27-07-2021, 711.46 ,,,,,,
28-07-2021, 713.26 ,,,,,,
29-07-2021, 714.69 ,,,,,,
30-07-2021, 715.74 ,,,,,,
31-07-2021, 710.13 ,,,,,,
01-08-2021, 687.16 ,,,,,,
02-08-2021, 706.44 ,,,,,,
03-08-2021, 716.86 ,,,,,,
04-08-2021, 716.72 ,,,,,,
05-08-2021, 716.45 ,,,,,,
06-08-2021, 716.03 ,,,,,,
07-08-2021, 715.47 ,,,,,,
08-08-2021, 651.34 ,,,,,,
09-08-2021, 573.66 ,,,,,,
10-08-2021, 712.93 ,,,,,,
11-08-2021, 711.82 ,,,,,,
12-08-2021, 710.56 ,,,,,,
13-08-2021, 709.16 ,,,,,,
14-08-2021, 707.62 ,,,,,,
15-08-2021, 705.95 ,,,,,,
16-08-2021, 704.14 ,,,,,,
17-08-2021, 702.19 ,,,,,,
18-08-2021, 700.12 ,,,,,,
19-08-2021, 697.90 ,,,,,,
20-08-2021, 695.56 ,,,,,,
21-08-2021, 693.08 ,,,,,,
22-08-2021, 690.48 ,,,,,,
23-08-2021, 687.75 ,,,,,,
24-08-2021, 684.89 ,,,,,,
25-08-2021, 681.90 ,,,,,,
26-08-2021, 678.80 ,,,,,,
27-08-2021, 675.57 ,,,,,,
28-08-2021, 672.22 ,,,,,,
29-08-2021, 668.75 ,,,,,,
30-08-2021, 665.16 ,,,,,,
31-08-2021, 661.46 ,,,,,,
01-09-2021, 624.66 ,,,,,,
02-09-2021, 646.86 ,,,,,,
03-09-2021, 650.65 ,,,,,,
04-09-2021, 647.46 ,,,,,,
05-09-2021, 644.46 ,,,,,,
06-09-2021, 641.66 ,,,,,,
07-09-2021, 636.00 ,,,,,,
08-09-2021, 636.64 ,,,,,,
09-09-2021, 634.42 ,,,,,,
10-09-2021, 632.38 ,,,,,,
11-09-2021, 630.53 ,,,,,,
12-09-2021, 628.86 ,,,,,,
13-09-2021, 627.38 ,,,,,,
14-09-2021, 626.08 ,,,,,,
15-09-2021, 624.95 ,,,,,,
16-09-2021, 624.00 ,,,,,,
17-09-2021, 623.24 ,,,,,,
18-09-2021, 622.65 ,,,,,,
19-09-2021, 622.23 ,,,,,,
20-09-2021, 621.99 ,,,,,,
21-09-2021, 621.93 ,,,,,,
22-09-2021, 622.04 ,,,,,,
23-09-2021, 622.33 ,,,,,,
24-09-2021, 622.80 ,,,,,,
25-09-2021, 623.44 ,,,,,,
26-09-2021, 624.26 ,,,,,,
27-09-2021, 625.25 ,,,,,,
28-09-2021, 626.43 ,,,,,,
29-09-2021, 627.79 ,,,,,,
30-09-2021, 629.32 ,,,,,,
01-10-2021, 621.03 ,,,,,,
02-10-2021, 633.55 ,,,,,,
03-10-2021, 636.85 ,,,,,,
04-10-2021, 640.96 ,,,,,,
05-10-2021, 645.89 ,,,,,,
06-10-2021, 651.66 ,,,,,,
07-10-2021, 658.30 ,,,,,,
08-10-2021, 665.83 ,,,,,,
09-10-2021, 674.28 ,,,,,,
10-10-2021, 683.69 ,,,,,,
11-10-2021, 694.08 ,,,,,,
12-10-2021, 705.50 ,,,,,,
13-10-2021, 718.01 ,,,,,,
14-10-2021, 731.64 ,,,,,,
15-10-2021, 746.46 ,,,,,,
16-10-2021, 762.53 ,,,,,,
17-10-2021, 779.92 ,,,,,,
18-10-2021, 798.69 ,,,,,,
19-10-2021, 818.95 ,,,,,,
20-10-2021, 840.76 ,,,,,,
21-10-2021, 864.24 ,,,,,,
22-10-2021, 884.90 ,,,,,,
23-10-2021, 896.31 ,,,,,,
24-10-2021, 945.78 ,,,,,,
25-10-2021, 977.09 ,,,,,,
26-10-2021," 1,010.71 ",,,,,,
27-10-2021," 1,046.82 ",,,,,,
28-10-2021," 1,085.58 ",,,,,,
29-10-2021," 1,127.21 ",,,,,,
30-10-2021," 1,171.93 ",,,,,,
31-10-2021," 1,219.97 ",,,,,,
01-11-2021," 1,271.60 ",,,,,,
02-11-2021," 1,319.16 ",,,,,,
03-11-2021," 1,374.57 ",,,,,,
04-11-2021," 1,425.55 ",,,,,,
05-11-2021," 1,475.94 ",,,,,,
06-11-2021," 1,525.57 ",,,,,,
07-11-2021," 1,574.23 ",,,,,,
08-11-2021," 1,621.74 ",,,,,,
09-11-2021," 1,667.90 ",,,,,,
10-11-2021," 1,712.53 ",,,,,,
11-11-2021," 1,755.43 ",,,,,,
12-11-2021," 1,796.41 ",,,,,,
13-11-2021," 1,835.31 ",,,,,,
14-11-2021," 1,871.95 ",,,,,,
15-11-2021," 1,906.15 ",,,,,,
16-11-2021," 1,937.77 ",,,,,,
17-11-2021," 1,966.66 ",,,,,,
18-11-2021," 1,992.68 ",,,,,,
19-11-2021," 2,015.72 ",,,,,,
20-11-2021," 2,035.65 ",,,,,,
21-11-2021," 2,052.39 ",,,,,,
22-11-2021," 2,065.86 ",,,,,,
23-11-2021," 2,075.98 ",,,,,,
24-11-2021," 2,082.72 ",,,,,,
25-11-2021," 2,086.03 ",,,,,,
26-11-2021," 2,085.91 ",,,,,,
27-11-2021," 2,082.35 ",,,,,,
28-11-2021," 2,075.37 ",,,,,,
29-11-2021," 2,065.00 ",,,,,,
30-11-2021," 2,051.30 ",,,,,,
01-12-2021," 2,034.33 ",,,,,,
02-12-2021," 2,004.13 ",,,,,,
03-12-2021," 2,001.54 ",,,,,,
04-12-2021," 1,985.71 ",,,,,,
05-12-2021," 1,970.24 ",,,,,,
06-12-2021," 1,955.13 ",,,,,,
07-12-2021," 1,940.37 ",,,,,,
08-12-2021," 1,925.95 ",,,,,,
09-12-2021," 1,911.86 ",,,,,,
10-12-2021," 1,898.11 ",,,,,,
11-12-2021," 1,884.68 ",,,,,,
12-12-2021," 1,871.56 ",,,,,,
13-12-2021," 1,858.75 ",,,,,,
14-12-2021," 1,846.25 ",,,,,,
15-12-2021," 1,834.04 ",,,,,,
16-12-2021," 1,822.13 ",,,,,,
17-12-2021," 1,810.51 ",,,,,,
18-12-2021," 1,799.16 ",,,,,,
19-12-2021," 1,788.10 ",,,,,,
20-12-2021," 1,777.30 ",,,,,,
21-12-2021," 1,766.77 ",,,,,,
22-12-2021," 1,756.51 ",,,,,,
23-12-2021," 1,746.50 ",,,,,,
24-12-2021," 1,736.74 ",,,,,,
25-12-2021," 1,727.24 ",,,,,,
26-12-2021," 1,717.98 ",,,,,,
27-12-2021," 1,708.96 ",,,,,,
28-12-2021," 1,700.18 ",,,,,,
29-12-2021," 1,691.63 ",,,,,,
30-12-2021," 1,683.31 ",,,,,,
31-12-2021," 1,675.22 ",,,,,,
01-01-2022," 1,667.35 ",,,,,,
02-01-2022," 1,660.24 ",,,,,,
03-01-2022," 1,653.87 ",,,,,,
04-01-2022," 1,648.25 ",,,,,,
05-01-2022," 1,643.36 ",,,,,,
06-01-2022," 1,639.19 ",,,,,,
07-01-2022," 1,635.74 ",,,,,,
08-01-2022," 1,606.02 ",,,,,,
09-01-2022," 1,630.98 ",,,,,,
10-01-2022," 1,629.66 ",,,,,,
11-01-2022," 1,629.05 ",,,,,,
12-01-2022," 1,629.14 ",,,,,,
13-01-2022," 1,629.94 ",,,,,,
14-01-2022," 1,631.44 ",,,,,,
15-01-2022," 1,633.66 ",,,,,,
16-01-2022," 1,636.58 ",,,,,,
17-01-2022," 1,640.22 ",,,,,,
18-01-2022," 1,644.58 ",,,,,,
19-01-2022," 1,649.67 ",,,,,,
20-01-2022," 1,655.48 ",,,,,,
21-01-2022," 1,662.05 ",,,,,,
22-01-2022," 1,669.36 ",,,,,,
23-01-2022," 1,677.43 ",,,,,,
24-01-2022," 1,686.27 ",,,,,,
25-01-2022," 1,695.90 ",,,,,,
26-01-2022," 1,706.32 ",,,,,,
27-01-2022," 1,717.56 ",,,,,,
28-01-2022," 1,729.62 ",,,,,,
29-01-2022," 1,742.53 ",,,,,,
30-01-2022," 1,756.31 ",,,,,,
31-01-2022," 1,770.97 ",,,,,,
01-02-2022," 1,786.53 ",,,,,,
02-02-2022," 1,800.90 ",,,,,,
03-02-2022," 1,814.05 ",,,,,,
04-02-2022," 1,825.95 ",,,,,,
05-02-2022," 1,836.57 ",,,,,,
06-02-2022," 1,845.90 ",,,,,,
07-02-2022," 1,826.54 ",,,,,,
08-02-2022," 1,838.67 ",,,,,,
09-02-2022," 1,865.92 ",,,,,,
10-02-2022," 1,869.89 ",,,,,,
11-02-2022," 1,872.49 ",,,,,,
12-02-2022," 1,873.72 ",,,,,,
13-02-2022," 1,873.57 ",,,,,,
14-02-2022," 1,872.05 ",,,,,,
15-02-2022," 1,869.15 ",,,,,,
16-02-2022," 1,864.89 ",,,,,,
17-02-2022," 1,859.28 ",,,,,,
18-02-2022," 1,852.31 ",,,,,,
19-02-2022," 1,844.02 ",,,,,,
20-02-2022," 1,834.42 ",,,,,,
21-02-2022," 1,823.52 ",,,,,,
22-02-2022," 1,811.35 ",,,,,,
23-02-2022," 1,797.94 ",,,,,,
24-02-2022," 1,783.31 ",,,,,,
25-02-2022," 1,767.50 ",,,,,,
26-02-2022," 1,750.54 ",,,,,,
27-02-2022," 1,732.45 ",,,,,,
28-02-2022," 1,713.29 ",,,,,,
01-03-2022," 1,693.08 ",,,,,,
02-03-2022," 1,673.43 ",,,,,,
03-03-2022," 1,654.31 ",,,,,,
04-03-2022," 1,635.72 ",,,,,,
05-03-2022," 1,617.63 ",,,,,,
06-03-2022," 1,600.04 ",,,,,,
07-03-2022," 1,582.93 ",,,,,,
08-03-2022," 1,566.29 ",,,,,,
09-03-2022," 1,245.56 ",,,,,,
10-03-2022," 1,232.91 ",,,,,,
11-03-2022," 1,507.52 ",,,,,,
12-03-2022," 1,504.18 ",,,,,,
13-03-2022," 1,489.71 ",,,,,,
14-03-2022," 1,475.65 ",,,,,,
15-03-2022," 1,461.98 ",,,,,,
16-03-2022," 1,448.69 ",,,,,,
17-03-2022," 1,435.78 ",,,,,,
18-03-2022," 1,423.23 ",,,,,,
19-03-2022," 1,411.05 ",,,,,,
20-03-2022," 1,399.21 ",,,,,,
21-03-2022," 1,387.71 ",,,,,,
22-03-2022," 1,376.55 ",,,,,,
23-03-2022," 1,365.72 ",,,,,,
24-03-2022," 1,355.20 ",,,,,,
25-03-2022," 1,345.00 ",,,,,,
26-03-2022," 1,335.11 ",,,,,,
27-03-2022," 1,325.52 ",,,,,,
28-03-2022," 1,316.22 ",,,,,,
29-03-2022," 1,307.21 ",,,,,,
30-03-2022," 1,298.48 ",,,,,,
31-03-2022," 1,290.03 ",,,,,,
01-04-2022," 1,281.86 ",,,,,,
02-04-2022," 1,274.54 ",,,,,,
03-04-2022," 1,268.08 ",,,,,,
04-04-2022," 1,262.45 ",,,,,,
05-04-2022," 1,257.64 ",,,,,,
06-04-2022," 1,253.65 ",,,,,,
07-04-2022," 1,250.47 ",,,,,,
08-04-2022," 1,248.09 ",,,,,,
09-04-2022," 1,246.50 ",,,,,,
10-04-2022," 1,245.71 ",,,,,,
11-04-2022," 1,245.71 ",,,,,,
12-04-2022," 1,246.50 ",,,,,,
13-04-2022," 1,248.08 ",,,,,,
14-04-2022," 1,250.46 ",,,,,,
15-04-2022," 1,253.64 ",,,,,,
16-04-2022," 1,257.62 ",,,,,,
17-04-2022," 1,262.42 ",,,,,,
18-04-2022," 1,268.05 ",,,,,,
19-04-2022," 1,274.51 ",,,,,,
20-04-2022," 1,281.82 ",,,,,,
21-04-2022," 1,289.99 ",,,,,,
22-04-2022," 1,299.05 ",,,,,,
23-04-2022," 1,309.00 ",,,,,,
24-04-2022," 1,319.87 ",,,,,,
25-04-2022," 1,331.68 ",,,,,,
26-04-2022," 1,344.45 ",,,,,,
27-04-2022," 1,358.22 ",,,,,,
28-04-2022," 1,373.00 ",,,,,,
29-04-2022," 1,388.84 ",,,,,,
30-04-2022," 1,405.76 ",,,,,,
01-05-2022," 1,423.81 ",,,,,,
02-05-2022," 1,439.96 ",,,,,,
03-05-2022," 1,454.15 ",,,,,,
04-05-2022," 1,466.32 ",,,,,,
05-05-2022," 1,476.42 ",,,,,,
06-05-2022," 1,484.41 ",,,,,,
07-05-2022," 1,490.24 ",,,,,,
08-05-2022," 1,489.27 ",,,,,,
09-05-2022," 1,495.36 ",,,,,,
10-05-2022," 1,494.63 ",,,,,,
11-05-2022," 1,491.71 ",,,,,,
12-05-2022," 1,453.31 ",,,,,,
13-05-2022," 1,479.33 ",,,,,,
14-05-2022," 1,469.93 ",,,,,,
15-05-2022," 1,458.45 ",,,,,,
16-05-2022," 1,161.05 ",,,,,,
17-05-2022," 1,148.59 ",,,,,,
18-05-2022," 1,134.59 ",,,,,,
19-05-2022," 1,119.12 ",,,,,,
20-05-2022," 1,102.22 ",,,,,,
21-05-2022," 1,083.98 ",,,,,,
22-05-2022," 1,064.47 ",,,,,,
23-05-2022," 1,043.77 ",,,,,,
24-05-2022," 1,021.96 ",,,,,,
25-05-2022," 1,028.08 ",,,,,,
26-05-2022," 1,204.22 ",,,,,,
27-05-2022," 1,183.17 ",,,,,,
28-05-2022," 1,151.59 ",,,,,,
29-05-2022," 1,119.19 ",,,,,,
30-05-2022," 1,086.08 ",,,,,,
31-05-2022," 1,052.38 ",,,,,,
01-06-2022," 1,018.21 ",,,,,,
02-06-2022, 987.73 ,,,,,,
03-06-2022, 960.66 ,,,,,,
04-06-2022, 936.79 ,,,,,,
05-06-2022, 915.90 ,,,,,,
06-06-2022, 897.81 ,,,,,,
07-06-2022, 880.14 ,,,,,,
08-06-2022, 869.48 ,,,,,,
09-06-2022, 840.45 ,,,,,,
10-06-2022, 842.63 ,,,,,,
11-06-2022, 845.02 ,,,,,,
12-06-2022, 841.40 ,,,,,,
13-06-2022, 839.97 ,,,,,,
14-06-2022, 840.73 ,,,,,,
15-06-2022, 843.69 ,,,,,,
16-06-2022, 848.87 ,,,,,,
17-06-2022, 856.31 ,,,,,,
18-06-2022, 866.07 ,,,,,,
19-06-2022, 875.55 ,,,,,,
20-06-2022, 886.77 ,,,,,,
21-06-2022, 906.20 ,,,,,,
22-06-2022, 930.17 ,,,,,,
23-06-2022, 953.13 ,,,,,,
24-06-2022, 951.59 ,,,,,,
25-06-2022, 810.46 ,,,,,,
26-06-2022, 837.00 ,,,,,,
27-06-2022, 866.68 ,,,,,,
28-06-2022, 899.76 ,,,,,,
29-06-2022, 936.56 ,,,,,,
30-06-2022," 1,216.42 ",,,,,,
01-07-2022," 1,272.84 ",,,,,,
02-07-2022," 1,327.95 ",,,,,,
03-07-2022," 1,381.37 ",,,,,,
04-07-2022," 1,432.72 ",,,,,,
05-07-2022," 1,481.60 ",,,,,,
06-07-2022," 1,527.65 ",,,,,,
07-07-2022," 1,570.51 ",,,,,,
08-07-2022," 1,609.83 ",,,,,,
09-07-2022," 1,645.05 ",,,,,,
10-07-2022," 1,645.94 ",,,,,,
11-07-2022," 1,662.45 ",,,,,,
12-07-2022," 1,694.21 ",,,,,,
13-07-2022," 1,724.33 ",,,,,,
14-07-2022," 1,748.82 ",,,,,,
15-07-2022," 1,759.29 ",,,,,,
16-07-2022," 1,760.11 ",,,,,,
17-07-2022," 1,747.86 ",,,,,,
18-07-2022," 1,728.77 ",,,,,,
19-07-2022," 1,700.37 ",,,,,,
20-07-2022," 1,660.09 ",,,,,,
21-07-2022," 1,614.45 ",,,,,,
22-07-2022," 1,566.78 ",,,,,,
23-07-2022," 1,527.13 ",,,,,,
24-07-2022," 1,506.26 ",,,,,,
25-07-2022," 1,495.53 ",,,,,,
26-07-2022," 1,489.05 ",,,,,,
27-07-2022," 1,475.19 ",,,,,,
28-07-2022," 1,425.96 ",,,,,,
29-07-2022," 1,374.31 ",,,,,,
30-07-2022," 1,320.64 ",,,,,,
31-07-2022," 1,265.33 ",,,,,,
01-08-2022," 1,208.76 ",,,,,,
02-08-2022," 1,157.95 ",,,,,,
03-08-2022," 1,112.37 ",,,,,,
04-08-2022," 1,071.56 ",,,,,,
05-08-2022," 1,035.13 ",,,,,,
06-08-2022," 1,002.71 ",,,,,,
07-08-2022, 967.93 ,,,,,,
08-08-2022, 948.78 ,,,,,,
09-08-2022, 926.76 ,,,,,,
10-08-2022, 907.76 ,,,,,,
11-08-2022, 891.62 ,,,,,,
12-08-2022, 878.20 ,,,,,,
13-08-2022, 867.38 ,,,,,,
14-08-2022, 859.07 ,,,,,,
15-08-2022, 853.20 ,,,,,,
16-08-2022, 849.71 ,,,,,,
17-08-2022, 848.59 ,,,,,,
18-08-2022, 849.81 ,,,,,,
19-08-2022, 853.39 ,,,,,,
20-08-2022, 859.37 ,,,,,,
21-08-2022, 867.79 ,,,,,,
22-08-2022, 878.71 ,,,,,,
23-08-2022, 888.69 ,,,,,,
24-08-2022, 892.36 ,,,,,,
25-08-2022, 912.19 ,,,,,,
26-08-2022, 949.77 ,,,,,,
27-08-2022, 975.16 ,,,,,,
28-08-2022," 1,004.00 ",,,,,,
29-08-2022," 1,036.57 ",,,,,,
30-08-2022, 862.34 ,,,,,,
31-08-2022, 895.29 ,,,,,,
01-09-2022," 1,159.98 ",,,,,,
02-09-2022," 1,204.26 ",,,,,,
03-09-2022," 1,246.73 ",,,,,,
04-09-2022," 1,287.09 ",,,,,,
05-09-2022," 1,325.03 ",,,,,,
06-09-2022," 1,350.93 ",,,,,,
07-09-2022," 1,312.86 ",,,,,,
08-09-2022," 1,258.91 ",,,,,,
09-09-2022," 1,325.06 ",,,,,,
10-09-2022," 1,402.87 ",,,,,,
11-09-2022," 1,452.76 ",,,,,,
12-09-2022," 1,481.55 ",,,,,,
13-09-2022," 1,498.61 ",,,,,,
14-09-2022," 1,506.59 ",,,,,,
15-09-2022," 1,507.72 ",,,,,,
16-09-2022," 1,508.84 ",,,,,,
17-09-2022," 1,507.66 ",,,,,,
18-09-2022," 1,498.78 ",,,,,,
19-09-2022," 1,483.76 ",,,,,,
20-09-2022," 1,464.79 ",,,,,,
21-09-2022," 1,427.84 ",,,,,,
22-09-2022," 1,360.32 ",,,,,,
23-09-2022," 1,113.61 ",,,,,,
24-09-2022," 1,087.14 ",,,,,,
25-09-2022," 1,058.34 ",,,,,,
26-09-2022," 1,027.42 ",,,,,,
27-09-2022," 1,209.87 ",,,,,,
28-09-2022," 1,194.90 ",,,,,,
29-09-2022," 1,150.27 ",,,,,,
30-09-2022," 1,104.19 ",,,,,,
01-10-2022," 1,056.99 ",,,,,,
02-10-2022," 1,013.76 ",,,,,,
03-10-2022, 974.18 ,,,,,,
04-10-2022, 937.95 ,,,,,,
05-10-2022, 904.81 ,,,,,,
06-10-2022, 830.63 ,,,,,,
07-10-2022, 831.78 ,,,,,,
08-10-2022, 821.67 ,,,,,,
09-10-2022, 798.75 ,,,,,,
10-10-2022, 777.96 ,,,,,,
11-10-2022, 759.16 ,,,,,,
12-10-2022, 742.24 ,,,,,,
13-10-2022, 725.63 ,,,,,,
14-10-2022, 710.10 ,,,,,,
15-10-2022, 697.17 ,,,,,,
16-10-2022, 685.67 ,,,,,,
17-10-2022, 676.70 ,,,,,,
18-10-2022, 669.08 ,,,,,,
19-10-2022, 662.89 ,,,,,,
20-10-2022, 658.35 ,,,,,,
21-10-2022, 654.27 ,,,,,,
22-10-2022, 651.66 ,,,,,,
23-10-2022, 647.96 ,,,,,,
24-10-2022, 649.28 ,,,,,,
25-10-2022, 654.10 ,,,,,,
26-10-2022, 661.32 ,,,,,,
27-10-2022, 665.32 ,,,,,,
28-10-2022, 670.63 ,,,,,,
29-10-2022, 677.26 ,,,,,,
30-10-2022, 685.27 ,,,,,,
31-10-2022, 694.69 ,,,,,,
01-11-2022, 705.58 ,,,,,,
02-11-2022, 717.32 ,,,,,,
03-11-2022, 729.92 ,,,,,,
04-11-2022, 743.45 ,,,,,,
05-11-2022, 757.93 ,,,,,,
06-11-2022, 773.41 ,,,,,,
07-11-2022, 789.95 ,,,,,,
08-11-2022, 798.33 ,,,,,,
09-11-2022, 806.46 ,,,,,,
10-11-2022, 833.05 ,,,,,,
11-11-2022, 867.83 ,,,,,,
12-11-2022, 890.57 ,,,,,,
13-11-2022, 914.77 ,,,,,,
14-11-2022, 940.51 ,,,,,,
15-11-2022, 967.89 ,,,,,,
16-11-2022, 997.03 ,,,,,,
17-11-2022," 1,028.01 ",,,,,,
18-11-2022," 1,060.97 ",,,,,,
19-11-2022," 1,096.04 ",,,,,,
20-11-2022," 1,133.34 ",,,,,,
21-11-2022," 1,173.05 ",,,,,,
22-11-2022," 1,215.32 ",,,,,,
23-11-2022," 1,260.32 ",,,,,,
24-11-2022," 1,308.26 ",,,,,,
25-11-2022," 1,359.33 ",,,,,,
26-11-2022," 1,413.78 ",,,,,,
27-11-2022," 1,436.38 ",,,,,,
28-11-2022," 1,232.45 ",,,,,,
29-11-2022," 1,574.81 ",,,,,,
30-11-2022," 1,670.50 ",,,,,,
01-12-2022," 1,745.95 ",,,,,,
02-12-2022," 1,816.83 ",,,,,,
03-12-2022," 1,882.34 ",,,,,,
04-12-2022," 1,941.71 ",,,,,,
05-12-2022," 1,994.23 ",,,,,,
06-12-2022," 2,039.23 ",,,,,,
07-12-2022," 2,076.18 ",,,,,,
08-12-2022," 2,104.58 ",,,,,,
09-12-2022," 2,124.09 ",,,,,,
10-12-2022," 2,131.52 ",,,,,,
11-12-2022," 2,135.51 ",,,,,,
12-12-2022," 2,127.28 ",,,,,,
13-12-2022," 2,109.86 ",,,,,,
14-12-2022," 2,083.47 ",,,,,,
15-12-2022," 2,048.45 ",,,,,,
16-12-2022," 2,005.24 ",,,,,,
17-12-2022," 1,954.40 ",,,,,,
18-12-2022," 1,896.54 ",,,,,,
19-12-2022," 1,832.37 ",,,,,,
20-12-2022," 1,762.65 ",,,,,,
21-12-2022," 1,688.18 ",,,,,,
22-12-2022," 1,609.80 ",,,,,,
23-12-2022," 1,528.34 ",,,,,,
24-12-2022," 1,444.66 ",,,,,,
25-12-2022," 1,359.58 ",,,,,,
26-12-2022," 1,273.91 ",,,,,,
27-12-2022," 1,188.40 ",,,,,,
28-12-2022," 1,103.76 ",,,,,,
29-12-2022," 1,020.65 ",,,,,,
30-12-2022, 936.55 ,,,,,,
31-12-2022, 823.67 ,,,,,,
01-01-2023, 631.51 ,,,,,,
02-01-2023, 577.34 ,,,,,,
03-01-2023, 528.79 ,,,,,,
04-01-2023, 485.22 ,,,,,,
05-01-2023, 446.05 ,,,,,,
06-01-2023, 410.80 ,,,,,,
07-01-2023, 379.02 ,,,,,,
08-01-2023, 350.33 ,,,,,,
09-01-2023, 324.41 ,,,,,,
10-01-2023, 300.95 ,,,,,,
11-01-2023, 279.69 ,,,,,,
12-01-2023, 299.77 ,,,,,,
13-01-2023, 301.60 ,,,,,,
14-01-2023, 282.41 ,,,,,,
15-01-2023, 264.35 ,,,,,,
16-01-2023, 247.88 ,,,,,,
17-01-2023, 232.85 ,,,,,,
18-01-2023, 219.12 ,,,,,,
19-01-2023, 206.57 ,,,,,,
20-01-2023, 195.07 ,,,,,,
21-01-2023, 184.55 ,,,,,,
22-01-2023, 174.89 ,,,,,,
23-01-2023, 166.04 ,,,,,,
24-01-2023, 157.91 ,,,,,,
25-01-2023, 150.44 ,,,,,,
26-01-2023, 143.48 ,,,,,,
27-01-2023, 136.42 ,,,,,,
28-01-2023, 129.83 ,,,,,,
29-01-2023, 123.95 ,,,,,,
30-01-2023, 118.63 ,,,,,,
31-01-2023, 113.99 ,,,,,,
01-02-2023, 109.93 ,,,,,,
02-02-2023, 106.37 ,,,,,,
03-02-2023, 103.48 ,,,,,,
04-02-2023, 101.04 ,,,,,,
05-02-2023, 98.97 ,,,,,,
06-02-2023, 97.30 ,,,,,,
07-02-2023, 95.81 ,,,,,,
08-02-2023, 94.58 ,,,,,,
09-02-2023, 93.41 ,,,,,,
10-02-2023, 92.29 ,,,,,,
11-02-2023, 91.02 ,,,,,,
12-02-2023, 91.21 ,,,,,,
13-02-2023, 93.97 ,,,,,,
14-02-2023, 97.62 ,,,,,,
15-02-2023, 100.16 ,,,,,,
16-02-2023, 102.15 ,,,,,,
17-02-2023, 104.58 ,,,,,,
18-02-2023, 107.46 ,,,,,,
19-02-2023, 110.83 ,,,,,,
20-02-2023, 114.74 ,,,,,,
21-02-2023, 119.23 ,,,,,,
22-02-2023, 124.36 ,,,,,,
23-02-2023, 130.20 ,,,,,,
24-02-2023, 136.82 ,,,,,,
25-02-2023, 144.33 ,,,,,,
26-02-2023, 152.82 ,,,,,,
27-02-2023, 162.41 ,,,,,,
28-02-2023, 173.27 ,,,,,,
01-03-2023, 185.54 ,,,,,,
02-03-2023, 197.99 ,,,,,,
03-03-2023, 199.18 ,,,,,,
04-03-2023, 179.29 ,,,,,,
05-03-2023, 189.35 ,,,,,,
06-03-2023, 226.91 ,,,,,,
07-03-2023, 251.98 ,,,,,,
08-03-2023, 270.21 ,,,,,,
09-03-2023, 283.14 ,,,,,,
10-03-2023, 293.89 ,,,,,,
11-03-2023, 304.01 ,,,,,,
12-03-2023, 313.39 ,,,,,,
13-03-2023, 321.94 ,,,,,,
14-03-2023, 329.60 ,,,,,,
15-03-2023, 336.27 ,,,,,,
16-03-2023, 341.91 ,,,,,,
17-03-2023, 346.44 ,,,,,,
18-03-2023, 349.83 ,,,,,,
19-03-2023, 352.05 ,,,,,,
20-03-2023, 353.06 ,,,,,,
21-03-2023, 352.86 ,,,,,,
22-03-2023, 351.45 ,,,,,,
23-03-2023, 348.84 ,,,,,,
24-03-2023, 345.07 ,,,,,,
25-03-2023, 340.16 ,,,,,,
26-03-2023, 334.18 ,,,,,,
27-03-2023, 327.17 ,,,,,,
28-03-2023, 319.21 ,,,,,,
29-03-2023, 309.84 ,,,,,,
30-03-2023, 298.16 ,,,,,,
31-03-2023, 285.79 ,,,,,,
01-04-2023, 273.28 ,,,,,,
02-04-2023, 261.12 ,,,,,,
03-04-2023, 250.31 ,,,,,,
04-04-2023, 240.10 ,,,,,,
05-04-2023, 230.76 ,,,,,,
06-04-2023, 221.83 ,,,,,,
07-04-2023, 214.85 ,,,,,,
08-04-2023, 208.19 ,,,,,,
09-04-2023, 202.68 ,,,,,,
10-04-2023, 198.07 ,,,,,,
11-04-2023, 194.42 ,,,,,,
12-04-2023, 191.39 ,,,,,,
13-04-2023, 189.03 ,,,,,,
14-04-2023, 186.48 ,,,,,,
15-04-2023, 184.18 ,,,,,,
16-04-2023, 182.25 ,,,,,,
17-04-2023, 180.29 ,,,,,,
18-04-2023, 178.41 ,,,,,,
19-04-2023, 176.53 ,,,,,,
20-04-2023, 175.13 ,,,,,,
21-04-2023, 173.45 ,,,,,,
22-04-2023, 171.94 ,,,,,,
23-04-2023, 170.45 ,,,,,,
24-04-2023, 168.80 ,,,,,,
25-04-2023, 166.83 ,,,,,,
26-04-2023, 165.59 ,,,,,,
27-04-2023, 168.01 ,,,,,,
28-04-2023, 171.25 ,,,,,,
29-04-2023, 172.56 ,,,,,,
30-04-2023, 173.22 ,,,,,,
01-05-2023, 174.14 ,,,,,,
02-05-2023, 174.95 ,,,,,,
03-05-2023, 175.66 ,,,,,,
04-05-2023, 175.72 ,,,,,,
05-05-2023, 174.21 ,,,,,,
06-05-2023, 172.34 ,,,,,,
07-05-2023, 169.81 ,,,,,,
08-05-2023, 167.16 ,,,,,,
09-05-2023, 166.25 ,,,,,,
10-05-2023, 167.03 ,,,,,,
11-05-2023, 168.91 ,,,,,,
12-05-2023, 170.12 ,,,,,,
13-05-2023, 170.17 ,,,,,,
14-05-2023, 170.28 ,,,,,,
15-05-2023, 169.42 ,,,,,,
16-05-2023, 168.70 ,,,,,,
17-05-2023, 167.52 ,,,,,,
18-05-2023, 166.06 ,,,,,,
19-05-2023, 165.12 ,,,,,,
20-05-2023, 163.59 ,,,,,,
21-05-2023, 162.47 ,,,,,,
22-05-2023, 160.56 ,,,,,,
23-05-2023, 159.46 ,,,,,,
24-05-2023, 157.90 ,,,,,,
25-05-2023, 156.80 ,,,,,,
26-05-2023, 155.17 ,,,,,,
27-05-2023, 154.02 ,,,,,,
28-05-2023, 152.50 ,,,,,,
29-05-2023, 151.21 ,,,,,,
30-05-2023, 149.97 ,,,,,,
31-05-2023, 148.34 ,,,,,,
01-06-2023, 147.16 ,,,,,,
02-06-2023, 146.24 ,,,,,,
03-06-2023, 146.10 ,,,,,,
04-06-2023, 146.00 ,,,,,,
05-06-2023, 145.12 ,,,,,,
06-06-2023, 143.16 ,,,,,,
07-06-2023, 140.78 ,,,,,,
08-06-2023, 138.06 ,,,,,,
09-06-2023, 135.86 ,,,,,,
10-06-2023, 135.47 ,,,,,,
11-06-2023, 136.36 ,,,,,,
12-06-2023, 138.55 ,,,,,,
13-06-2023, 140.40 ,,,,,,
14-06-2023, 140.13 ,,,,,,
15-06-2023, 136.83 ,,,,,,
16-06-2023, 143.74 ,,,,,,
17-06-2023, 152.76 ,,,,,,
18-06-2023, 152.47 ,,,,,,
19-06-2023, 145.58 ,,,,,,
20-06-2023, 153.99 ,,,,,,
21-06-2023, 162.15 ,,,,,,
22-06-2023, 168.30 ,,,,,,
23-06-2023, 173.45 ,,,,,,
24-06-2023, 178.08 ,,,,,,
25-06-2023, 183.15 ,,,,,,
26-06-2023, 188.70 ,,,,,,
27-06-2023, 194.76 ,,,,,,
28-06-2023, 201.37 ,,,,,,
29-06-2023, 208.57 ,,,,,,
30-06-2023, 216.41 ,,,,,,
01-07-2023, 223.83 ,,,,,,
02-07-2023, 230.27 ,,,,,,
03-07-2023, 235.69 ,,,,,,
04-07-2023, 240.31 ,,,,,,
05-07-2023, 243.68 ,,,,,,
06-07-2023, 245.96 ,,,,,,
07-07-2023, 244.44 ,,,,,,
08-07-2023, 239.62 ,,,,,,
09-07-2023, 223.29 ,,,,,,
10-07-2023, 226.48 ,,,,,,
11-07-2023, 229.10 ,,,,,,
12-07-2023, 231.12 ,,,,,,
13-07-2023, 232.53 ,,,,,,
14-07-2023, 255.35 ,,,,,,
15-07-2023, 268.77 ,,,,,,
16-07-2023, 276.79 ,,,,,,
17-07-2023, 281.74 ,,,,,,
18-07-2023, 284.41 ,,,,,,
19-07-2023, 283.51 ,,,,,,
20-07-2023, 279.87 ,,,,,,
21-07-2023, 275.54 ,,,,,,
22-07-2023, 270.53 ,,,,,,
23-07-2023, 264.90 ,,,,,,
24-07-2023, 258.68 ,,,,,,
25-07-2023, 251.92 ,,,,,,
26-07-2023, 244.68 ,,,,,,
27-07-2023, 236.99 ,,,,,,
28-07-2023, 225.01 ,,,,,,
29-07-2023, 212.27 ,,,,,,
30-07-2023, 202.58 ,,,,,,
31-07-2023, 195.53 ,,,,,,
01-08-2023, 189.41 ,,,,,,
02-08-2023, 183.96 ,,,,,,
03-08-2023, 178.44 ,,,,,,
04-08-2023, 171.83 ,,,,,,
05-08-2023, 165.90 ,,,,,,
06-08-2023, 160.59 ,,,,,,
07-08-2023, 155.85 ,,,,,,
08-08-2023, 151.64 ,,,,,,
09-08-2023, 146.93 ,,,,,,
10-08-2023, 140.12 ,,,,,,
11-08-2023, 130.23 ,,,,,,
12-08-2023, 112.08 ,,,,,,
13-08-2023, 110.48 ,,,,,,
14-08-2023, 109.18 ,,,,,,
15-08-2023, 108.17 ,,,,,,
16-08-2023, 107.45 ,,,,,,
17-08-2023, 107.01 ,,,,,,
18-08-2023, 106.85 ,,,,,,
19-08-2023, 106.97 ,,,,,,
20-08-2023, 107.36 ,,,,,,
21-08-2023, 108.03 ,,,,,,
22-08-2023, 108.99 ,,,,,,
23-08-2023, 120.51 ,,,,,,
24-08-2023, 129.40 ,,,,,,
25-08-2023, 134.71 ,,,,,,
26-08-2023, 139.13 ,,,,,,
27-08-2023, 143.97 ,,,,,,
28-08-2023, 148.25 ,,,,,,
29-08-2023, 152.81 ,,,,,,
30-08-2023, 157.78 ,,,,,,
31-08-2023, 162.72 ,,,,,,
01-09-2023, 167.67 ,,,,,,
02-09-2023, 171.70 ,,,,,,
03-09-2023, 175.82 ,,,,,,
04-09-2023, 182.38 ,,,,,,
05-09-2023, 189.48 ,,,,,,
06-09-2023, 191.41 ,,,,,,
07-09-2023, 188.18 ,,,,,,
08-09-2023, 175.39 ,,,,,,
09-09-2023, 163.53 ,,,,,,
10-09-2023, 165.03 ,,,,,,
11-09-2023, 166.08 ,,,,,,
12-09-2023, 166.66 ,,,,,,
13-09-2023, 185.57 ,,,,,,
14-09-2023, 193.01 ,,,,,,
15-09-2023, 195.19 ,,,,,,
16-09-2023, 195.91 ,,,,,,
17-09-2023, 195.25 ,,,,,,
18-09-2023, 193.64 ,,,,,,
19-09-2023, 191.09 ,,,,,,
20-09-2023, 187.73 ,,,,,,
21-09-2023, 183.76 ,,,,,,
22-09-2023, 178.98 ,,,,,,
23-09-2023, 173.84 ,,,,,,
24-09-2023, 168.22 ,,,,,,
25-09-2023, 162.08 ,,,,,,
26-09-2023, 155.40 ,,,,,,
27-09-2023, 148.42 ,,,,,,
28-09-2023, 141.01 ,,,,,,
29-09-2023, 133.16 ,,,,,,
30-09-2023, 124.78 ,,,,,,
01-10-2023, 116.14 ,,,,,,
02-10-2023, 108.05 ,,,,,,
03-10-2023, 98.90 ,,,,,,
04-10-2023, 93.24 ,,,,,,
05-10-2023, 92.47 ,,,,,,
06-10-2023, 92.34 ,,,,,,
07-10-2023, 92.96 ,,,,,,
08-10-2023, 92.39 ,,,,,,
09-10-2023, 90.91 ,,,,,,
10-10-2023, 88.66 ,,,,,,
11-10-2023, 84.99 ,,,,,,
12-10-2023, 82.82 ,,,,,,
13-10-2023, 81.08 ,,,,,,
14-10-2023, 79.43 ,,,,,,
15-10-2023, 77.77 ,,,,,,
16-10-2023, 76.12 ,,,,,,
17-10-2023, 74.98 ,,,,,,
18-10-2023, 73.99 ,,,,,,
19-10-2023, 73.87 ,,,,,,
20-10-2023, 74.88 ,,,,,,
21-10-2023, 76.54 ,,,,,,
22-10-2023, 78.55 ,,,,,,
23-10-2023, 80.93 ,,,,,,
24-10-2023, 83.63 ,,,,,,
25-10-2023, 86.19 ,,,,,,
26-10-2023, 88.89 ,,,,,,
27-10-2023, 91.70 ,,,,,,
28-10-2023, 94.61 ,,,,,,
29-10-2023, 97.23 ,,,,,,
30-10-2023, 100.21 ,,,,,,
31-10-2023, 103.56 ,,,,,,
01-11-2023, 107.32 ,,,,,,
02-11-2023, 111.05 ,,,,,,
03-11-2023, 114.48 ,,,,,,
04-11-2023, 116.78 ,,,,,,
05-11-2023, 118.67 ,,,,,,
06-11-2023, 120.30 ,,,,,,
07-11-2023, 121.86 ,,,,,,
08-11-2023, 124.05 ,,,,,,
09-11-2023, 127.13 ,,,,,,
10-11-2023, 130.72 ,,,,,,
11-11-2023, 133.93 ,,,,,,
12-11-2023, 136.83 ,,,,,,
13-11-2023, 138.79 ,,,,,,
14-11-2023, 140.48 ,,,,,,
15-11-2023, 142.32 ,,,,,,
16-11-2023, 144.11 ,,,,,,
17-11-2023, 145.64 ,,,,,,
18-11-2023, 147.15 ,,,,,,
19-11-2023, 148.65 ,,,,,,
20-11-2023, 149.65 ,,,,,,
21-11-2023, 150.92 ,,,,,,
22-11-2023, 151.77 ,,,,,,
23-11-2023, 152.63 ,,,,,,
24-11-2023, 152.91 ,,,,,,
25-11-2023, 153.60 ,,,,,,
26-11-2023, 154.24 ,,,,,,
27-11-2023, 154.68 ,,,,,,
28-11-2023, 154.72 ,,,,,,
29-11-2023, 154.65 ,,,,,,
30-11-2023, 153.96 ,,,,,,
01-12-2023, 153.07 ,,,,,,
02-12-2023, 151.71 ,,,,,,
03-12-2023, 150.38 ,,,,,,
04-12-2023, 148.72 ,,,,,,
05-12-2023, 146.66 ,,,,,,
06-12-2023, 144.40 ,,,,,,
07-12-2023, 141.95 ,,,,,,
08-12-2023, 139.55 ,,,,,,
09-12-2023, 137.41 ,,,,,,
10-12-2023, 135.41 ,,,,,,
11-12-2023, 134.49 ,,,,,,
12-12-2023, 133.86 ,,,,,,
13-12-2023, 133.49 ,,,,,,
14-12-2023, 132.84 ,,,,,,
15-12-2023, 131.80 ,,,,,,
16-12-2023, 130.45 ,,,,,,
17-12-2023, 128.70 ,,,,,,
18-12-2023, 125.93 ,,,,,,
19-12-2023, 122.13 ,,,,,,
20-12-2023, 118.91 ,,,,,,
21-12-2023, 118.68 ,,,,,,
22-12-2023, 118.52 ,,,,,,
23-12-2023, 117.90 ,,,,,,
24-12-2023, 116.81 ,,,,,,
25-12-2023, 115.72 ,,,,,,
26-12-2023, 114.07 ,,,,,,
27-12-2023, 112.57 ,,,,,,
28-12-2023, 110.78 ,,,,,,
29-12-2023, 109.10 ,,,,,,
30-12-2023, 107.23 ,,,,,,
31-12-2023, 105.23 ,,,,,,
01-01-2024, 103.55 ,,,,,,
02-01-2024, 101.77 ,,,,,,
03-01-2024, 100.21 ,,,,,,
04-01-2024, 98.60 ,,,,,,
05-01-2024, 97.25 ,,,,,,
06-01-2024, 95.87 ,,,,,,
07-01-2024, 94.82 ,,,,,,
08-01-2024, 93.65 ,,,,,,
09-01-2024, 92.46 ,,,,,,
10-01-2024, 91.65 ,,,,,,
11-01-2024, 90.70 ,,,,,,
12-01-2024, 89.90 ,,,,,,
13-01-2024, 88.81 ,,,,,,
14-01-2024, 87.70 ,,,,,,
15-01-2024, 86.58 ,,,,,,
16-01-2024, 85.18 ,,,,,,
17-01-2024, 83.61 ,,,,,,
18-01-2024, 82.01 ,,,,,,
19-01-2024, 80.25 ,,,,,,
20-01-2024, 78.33 ,,,,,,
21-01-2024, 76.56 ,,,,,,
22-01-2024, 74.51 ,,,,,,
23-01-2024, 72.63 ,,,,,,
24-01-2024, 70.59 ,,,,,,
25-01-2024, 68.42 ,,,,,,
26-01-2024, 66.53 ,,,,,,
27-01-2024, 64.43 ,,,,,,
28-01-2024, 62.96 ,,,,,,
29-01-2024, 61.10 ,,,,,,
30-01-2024, 60.44 ,,,,,,
31-01-2024, 59.91 ,,,,,,
01-02-2024, 59.03 ,,,,,,
02-02-2024, 57.96 ,,,,,,
03-02-2024, 57.28 ,,,,,,
04-02-2024, 56.76 ,,,,,,
05-02-2024, 56.02 ,,,,,,
06-02-2024, 55.76 ,,,,,,
07-02-2024, 55.50 ,,,,,,
08-02-2024, 55.49 ,,,,,,
09-02-2024, 55.58 ,,,,,,
10-02-2024, 55.87 ,,,,,,
11-02-2024, 56.31 ,,,,,,
12-02-2024, 56.76 ,,,,,,
13-02-2024, 57.75 ,,,,,,
14-02-2024, 58.77 ,,,,,,
15-02-2024, 60.00 ,,,,,,
16-02-2024, 61.53 ,,,,,,
17-02-2024, 63.06 ,,,,,,
18-02-2024, 65.02 ,,,,,,
19-02-2024, 67.01 ,,,,,,
20-02-2024, 69.76 ,,,,,,
21-02-2024, 72.41 ,,,,,,
22-02-2024, 76.26 ,,,,,,
23-02-2024, 79.66 ,,,,,,
24-02-2024, 84.05 ,,,,,,
25-02-2024, 88.91 ,,,,,,
26-02-2024, 94.10 ,,,,,,
27-02-2024, 100.63 ,,,,,,
28-02-2024, 107.40 ,,,,,,
29-02-2024, 115.62 ,,,,,,
01-03-2024, 124.44 ,,,,,,
02-03-2024, 133.59 ,,,,,,
03-03-2024, 143.01 ,,,,,,
04-03-2024, 152.23 ,,,,,,
05-03-2024, 161.28 ,,,,,,
06-03-2024, 170.17 ,,,,,,
07-03-2024, 178.97 ,,,,,,
08-03-2024, 186.99 ,,,,,,
09-03-2024, 193.19 ,,,,,,
10-03-2024, 195.11 ,,,,,,
11-03-2024, 193.54 ,,,,,,
12-03-2024, 198.98 ,,,,,,
13-03-2024, 213.05 ,,,,,,
14-03-2024, 224.82 ,,,,,,
15-03-2024, 227.01 ,,,,,,
16-03-2024, 228.24 ,,,,,,
17-03-2024, 228.47 ,,,,,,
18-03-2024, 227.72 ,,,,,,
19-03-2024, 225.99 ,,,,,,
20-03-2024, 223.29 ,,,,,,
21-03-2024, 219.68 ,,,,,,
22-03-2024, 215.19 ,,,,,,
23-03-2024, 209.79 ,,,,,,
24-03-2024, 200.90 ,,,,,,
25-03-2024, 191.91 ,,,,,,
26-03-2024, 183.34 ,,,,,,
27-03-2024, 176.09 ,,,,,,
28-03-2024, 168.93 ,,,,,,
29-03-2024, 161.01 ,,,,,,
30-03-2024, 152.27 ,,,,,,
31-03-2024, 143.21 ,,,,,,
01-04-2024, 133.76 ,,,,,,
02-04-2024, 125.38 ,,,,,,
03-04-2024, 118.02 ,,,,,,
04-04-2024, 111.46 ,,,,,,
05-04-2024, 105.97 ,,,,,,
06-04-2024, 101.42 ,,,,,,
07-04-2024, 98.00 ,,,,,,
08-04-2024, 95.32 ,,,,,,
09-04-2024, 93.22 ,,,,,,
10-04-2024, 91.95 ,,,,,,
11-04-2024, 91.33 ,,,,,,
12-04-2024, 90.57 ,,,,,,
13-04-2024, 90.58 ,,,,,,
14-04-2024, 90.69 ,,,,,,
15-04-2024, 90.81 ,,,,,,
16-04-2024, 90.68 ,,,,,,
17-04-2024, 92.56 ,,,,,,
18-04-2024, 100.05 ,,,,,,
19-04-2024, 105.52 ,,,,,,
20-04-2024, 109.22 ,,,,,,
21-04-2024, 113.65 ,,,,,,
22-04-2024, 118.86 ,,,,,,
23-04-2024, 124.97 ,,,,,,
24-04-2024, 131.89 ,,,,,,
25-04-2024, 136.89 ,,,,,,
26-04-2024, 139.45 ,,,,,,
27-04-2024, 129.25 ,,,,,,
28-04-2024, 139.48 ,,,,,,
29-04-2024, 151.30 ,,,,,,
30-04-2024, 164.99 ,,,,,,
01-05-2024, 180.86 ,,,,,,
02-05-2024, 197.08 ,,,,,,
03-05-2024, 213.47 ,,,,,,
04-05-2024, 229.85 ,,,,,,
05-05-2024, 246.02 ,,,,,,
06-05-2024, 261.75 ,,,,,,
07-05-2024, 276.84 ,,,,,,
08-05-2024, 291.07 ,,,,,,
09-05-2024, 304.21 ,,,,,,
10-05-2024, 316.06 ,,,,,,
11-05-2024, 326.42 ,,,,,,
12-05-2024, 335.13 ,,,,,,
13-05-2024, 342.04 ,,,,,,
14-05-2024, 347.02 ,,,,,,
15-05-2024, 349.99 ,,,,,,
16-05-2024, 350.89 ,,,,,,
17-05-2024, 349.72 ,,,,,,
18-05-2024, 346.49 ,,,,,,
19-05-2024, 341.25 ,,,,,,
20-05-2024, 334.11 ,,,,,,
21-05-2024, 325.18 ,,,,,,
22-05-2024, 364.70 ,,,,,,
23-05-2024, 365.88 ,,,,,,
24-05-2024, 357.56 ,,,,,,
25-05-2024, 342.17 ,,,,,,
26-05-2024, 323.27 ,,,,,,
27-05-2024, 303.60 ,,,,,,
28-05-2024, 283.43 ,,,,,,
29-05-2024, 263.03 ,,,,,,
30-05-2024, 242.65 ,,,,,,
31-05-2024, 222.51 ,,,,,,
01-06-2024, 202.83 ,,,,,,
02-06-2024, 185.58 ,,,,,,
03-06-2024, 170.43 ,,,,,,
04-06-2024, 157.10 ,,,,,,
05-06-2024, 145.36 ,,,,,,
06-06-2024, 134.99 ,,,,,,
07-06-2024, 125.82 ,,,,,,
08-06-2024, 117.72 ,,,,,,
09-06-2024, 110.54 ,,,,,,
10-06-2024, 104.18 ,,,,,,
11-06-2024, 98.56 ,,,,,,
12-06-2024, 93.58 ,,,,,,
13-06-2024, 89.18 ,,,,,,
14-06-2024, 84.99 ,,,,,,
15-06-2024, 80.80 ,,,,,,
16-06-2024, 77.09 ,,,,,,
17-06-2024, 73.53 ,,,,,,
18-06-2024, 70.32 ,,,,,,
19-06-2024, 67.14 ,,,,,,
20-06-2024, 64.07 ,,,,,,
21-06-2024, 60.24 ,,,,,,
22-06-2024, 54.81 ,,,,,,
23-06-2024, 54.18 ,,,,,,
24-06-2024, 53.76 ,,,,,,
25-06-2024, 53.54 ,,,,,,
26-06-2024, 53.51 ,,,,,,
27-06-2024, 53.68 ,,,,,,
28-06-2024, 54.05 ,,,,,,
29-06-2024, 54.62 ,,,,,,
30-06-2024, 55.40 ,,,,,,
01-07-2024, 59.26 ,,,,,,
02-07-2024, 62.02 ,,,,,,
03-07-2024, 64.94 ,,,,,,
04-07-2024, 66.57 ,,,,,,
05-07-2024, 68.55 ,,,,,,
06-07-2024, 70.20 ,,,,,,
07-07-2024, 71.33 ,,,,,,
08-07-2024, 72.76 ,,,,,,
09-07-2024, 73.94 ,,,,,,
10-07-2024, 74.85 ,,,,,,
11-07-2024, 75.98 ,,,,,,
12-07-2024, 76.95 ,,,,,,
13-07-2024, 77.40 ,,,,,,
14-07-2024, 77.99 ,,,,,,
15-07-2024, 78.56 ,,,,,,
16-07-2024, 79.08 ,,,,,,
17-07-2024, 79.59 ,,,,,,
18-07-2024, 80.10 ,,,,,,
19-07-2024, 80.54 ,,,,,,
20-07-2024, 81.31 ,,,,,,
21-07-2024, 81.47 ,,,,,,
22-07-2024, 81.81 ,,,,,,
23-07-2024, 82.20 ,,,,,,
24-07-2024, 82.71 ,,,,,,
25-07-2024, 83.00 ,,,,,,
26-07-2024, 83.42 ,,,,,,
27-07-2024, 83.50 ,,,,,,
28-07-2024, 83.67 ,,,,,,
29-07-2024, 83.58 ,,,,,,
30-07-2024, 83.70 ,,,,,,
31-07-2024, 83.62 ,,,,,,
01-08-2024, 83.36 ,,,,,,
02-08-2024, 83.13 ,,,,,,
03-08-2024, 82.76 ,,,,,,
04-08-2024, 82.42 ,,,,,,
05-08-2024, 81.80 ,,,,,,
06-08-2024, 81.08 ,,,,,,
07-08-2024, 80.30 ,,,,,,
08-08-2024, 79.13 ,,,,,,
09-08-2024, 78.17 ,,,,,,
10-08-2024, 76.77 ,,,,,,
11-08-2024, 75.67 ,,,,,,
12-08-2024, 74.01 ,,,,,,
13-08-2024, 72.85 ,,,,,,
14-08-2024, 71.92 ,,,,,,
15-08-2024, 70.93 ,,,,,,
16-08-2024, 69.60 ,,,,,,
17-08-2024, 68.55 ,,,,,,
18-08-2024, 67.70 ,,,,,,
19-08-2024, 66.60 ,,,,,,
20-08-2024, 65.60 ,,,,,,
21-08-2024, 64.56 ,,,,,,
22-08-2024, 63.54 ,,,,,,
23-08-2024, 62.17 ,,,,,,
24-08-2024, 61.01 ,,,,,,
25-08-2024, 59.83 ,,,,,,
26-08-2024, 58.29 ,,,,,,
27-08-2024, 57.16 ,,,,,,
28-08-2024, 55.60 ,,,,,,
29-08-2024, 54.09 ,,,,,,
30-08-2024, 52.64 ,,,,,,
31-08-2024, 51.19 ,,,,,,
01-09-2024, 49.40 ,,,,,,
02-09-2024, 47.85 ,,,,,,
03-09-2024, 46.58 ,,,,,,
04-09-2024, 45.43 ,,,,,,
05-09-2024, 44.20 ,,,,,,
06-09-2024, 43.26 ,,,,,,
07-09-2024, 42.42 ,,,,,,
08-09-2024, 41.38 ,,,,,,
09-09-2024, 41.00 ,,,,,,
10-09-2024, 40.43 ,,,,,,
11-09-2024, 40.22 ,,,,,,
12-09-2024, 40.37 ,,,,,,
13-09-2024, 40.29 ,,,,,,
14-09-2024, 40.61 ,,,,,,
15-09-2024, 40.88 ,,,,,,
16-09-2024, 41.50 ,,,,,,
17-09-2024, 42.08 ,,,,,,
18-09-2024, 42.79 ,,,,,,
19-09-2024, 43.63 ,,,,,,
20-09-2024, 44.45 ,,,,,,
21-09-2024, 45.57 ,,,,,,
22-09-2024, 46.71 ,,,,,,
23-09-2024, 47.85 ,,,,,,
24-09-2024, 49.24 ,,,,,,
25-09-2024, 50.78 ,,,,,,
26-09-2024, 52.33 ,,,,,,
27-09-2024, 54.15 ,,,,,,
28-09-2024, 56.18 ,,,,,,
29-09-2024, 58.24 ,,,,,,
30-09-2024, 60.64 ,,,,,,
01-10-2024, 63.19 ,,,,,,
02-10-2024, 65.76 ,,,,,,
03-10-2024, 68.39 ,,,,,,
04-10-2024, 70.99 ,,,,,,
05-10-2024, 73.64 ,,,,,,
06-10-2024, 76.19 ,,,,,,
07-10-2024, 78.70 ,,,,,,
08-10-2024, 81.30 ,,,,,,
09-10-2024, 83.71 ,,,,,,
10-10-2024, 85.86 ,,,,,,
11-10-2024, 87.69 ,,,,,,
12-10-2024, 89.03 ,,,,,,
13-10-2024, 88.68 ,,,,,,
14-10-2024, 81.49 ,,,,,,
15-10-2024, 83.98 ,,,,,,
16-10-2024, 86.49 ,,,,,,
17-10-2024, 89.00 ,,,,,,
18-10-2024, 91.52 ,,,,,,
19-10-2024, 94.04 ,,,,,,
20-10-2024, 96.56 ,,,,,,
21-10-2024, 99.08 ,,,,,,
22-10-2024, 101.59 ,,,,,,
23-10-2024, 104.09 ,,,,,,
24-10-2024, 106.58 ,,,,,,
25-10-2024, 109.05 ,,,,,,
26-10-2024, 111.49 ,,,,,,
27-10-2024, 113.91 ,,,,,,
28-10-2024, 116.30 ,,,,,,
29-10-2024, 118.65 ,,,,,,
30-10-2024, 120.97 ,,,,,,
31-10-2024, 123.24 ,,,,,,
01-11-2024, 125.47 ,,,,,,
02-11-2024, 127.52 ,,,,,,
03-11-2024, 129.38 ,,,,,,
04-11-2024, 131.05 ,,,,,,
05-11-2024, 132.52 ,,,,,,
06-11-2024, 133.77 ,,,,,,
07-11-2024, 134.81 ,,,,,,
08-11-2024, 135.62 ,,,,,,
09-11-2024, 136.21 ,,,,,,
10-11-2024, 136.56 ,,,,,,
11-11-2024, 136.69 ,,,,,,
12-11-2024, 159.89 ,,,,,,
13-11-2024, 167.52 ,,,,,,
14-11-2024, 168.85 ,,,,,,
15-11-2024, 167.86 ,,,,,,
16-11-2024, 166.60 ,,,,,,
17-11-2024, 165.06 ,,,,,,
18-11-2024, 163.26 ,,,,,,
19-11-2024, 161.20 ,,,,,,
20-11-2024, 158.90 ,,,,,,
21-11-2024, 156.37 ,,,,,,
22-11-2024, 153.62 ,,,,,,
23-11-2024, 150.65 ,,,,,,
24-11-2024, 147.49 ,,,,,,
25-11-2024, 144.16 ,,,,,,
26-11-2024, 133.58 ,,,,,,
27-11-2024, 130.01 ,,,,,,
28-11-2024, 127.65 ,,,,,,
29-11-2024, 123.53 ,,,,,,
30-11-2024, 118.39 ,,,,,,
01-12-2024, 112.49 ,,,,,,
02-12-2024, 107.44 ,,,,,,
03-12-2024, 103.77 ,,,,,,
04-12-2024, 101.62 ,,,,,,
05-12-2024, 99.48 ,,,,,,
06-12-2024, 97.60 ,,,,,,
07-12-2024, 95.43 ,,,,,,
08-12-2024, 93.35 ,,,,,,
09-12-2024, 91.09 ,,,,,,
10-12-2024, 89.09 ,,,,,,
11-12-2024, 87.04 ,,,,,,
12-12-2024, 85.46 ,,,,,,
13-12-2024, 83.95 ,,,,,,
14-12-2024, 82.95 ,,,,,,
15-12-2024, 82.26 ,,,,,,
16-12-2024, 81.62 ,,,,,,
17-12-2024, 81.08 ,,,,,,
18-12-2024, 80.45 ,,,,,,
19-12-2024, 79.34 ,,,,,,
20-12-2024, 78.19 ,,,,,,
21-12-2024, 76.74 ,,,,,,
22-12-2024, 74.67 ,,,,,,
23-12-2024, 72.98 ,,,,,,
24-12-2024, 70.96 ,,,,,,
25-12-2024, 72.51 ,,,,,,
26-12-2024, 74.22 ,,,,,,
27-12-2024, 76.88 ,,,,,,
28-12-2024, 79.04 ,,,,,,
29-12-2024, 81.32 ,,,,,,
30-12-2024, 83.36 ,,,,,,
31-12-2024, 84.24 ,,,,,,
